"Time [s]","LVDT #1 (195620) (AVG) []","LVDT #1 (195620) (RMS) []","LVDT #1 (195620) (MIN) []","LVDT #1 (195620) (MAX) []","LVDT #1 (195620) []","LVDT #6 (194512) (AVG) []","LVDT #6 (194512) (RMS) []","LVDT #6 (194512) (MIN) []","LVDT #6 (194512) (MAX) []","LVDT #6 (194512) []","LVDT # 2 (195619) (AVG) []","LVDT # 2 (195619) (RMS) []","LVDT # 2 (195619) (MIN) []","LVDT # 2 (195619) (MAX) []","LVDT # 2 (195619) []","LVDT #7 (198068) (AVG) []","LVDT #7 (198068) (RMS) []","LVDT #7 (198068) (MIN) []","LVDT #7 (198068) (MAX) []","LVDT #7 (198068) []","LVDT #3 (196487) (AVG) []","LVDT #3 (196487) (RMS) []","LVDT #3 (196487) (MIN) []","LVDT #3 (196487) (MAX) []","LVDT #3 (196487) []","LVDT #4 (196488) (AVG) []","LVDT #4 (196488) (RMS) []","LVDT #4 (196488) (MIN) []","LVDT #4 (196488) (MAX) []","LVDT #4 (196488) []","LVDT #5 (194513) (AVG) []","LVDT #5 (194513) (RMS) []","LVDT #5 (194513) (MIN) []","LVDT #5 (194513) (MAX) []","LVDT #5 (194513) []","LVDT #8 (198067) (AVG) []","LVDT #8 (198067) (RMS) []","LVDT #8 (198067) (MIN) []","LVDT #8 (198067) (MAX) []","LVDT #8 (198067) []","channel 1 (AVG) [mA]","channel 1 (RMS) [mA]","channel 1 (MIN) [mA]","channel 1 (MAX) [mA]","channel 1 [mA]","channel 2 (AVG) [mA]","channel 2 (RMS) [mA]","channel 2 (MIN) [mA]","channel 2 (MAX) [mA]","channel 2 [mA]","channel 3 (AVG) [mA]","channel 3 (RMS) [mA]","channel 3 (MIN) [mA]","channel 3 (MAX) [mA]","channel 3 [mA]","channel 4 (AVG) [mA]","channel 4 (RMS) [mA]","channel 4 (MIN) [mA]","channel 4 (MAX) [mA]","channel 4 [mA]","channel 5 (AVG) [mA]","channel 5 (RMS) [mA]","channel 5 (MIN) [mA]","channel 5 (MAX) [mA]","channel 5 [mA]","channel 6 (AVG) [mA]","channel 6 (RMS) [mA]","channel 6 (MIN) [mA]","channel 6 (MAX) [mA]","channel 6 [mA]","channel 7 (AVG) [mA]","channel 7 (RMS) [mA]","channel 7 (MIN) [mA]","channel 7 (MAX) [mA]","channel 7 [mA]","channel 8 (AVG) [mA]","channel 8 (RMS) [mA]","channel 8 (MIN) [mA]","channel 8 (MAX) [mA]","channel 8 [mA]"
0.058,,,,,-0.000825561794,,,,,0.000000000000,,,,,0.000129517136,,,,,-0.000073720762,,,,,-0.000049230975,,,,,0.002575411877,,,,,-0.002447858409,,,,,0.000961672572,,,,,-0.006698608398,,,,,0.001049995422,,,,,-0.000200271606,,,,,0.010499954224,,,,,-0.006599426270,,,,,0.000000000000,,,,,-0.000149726868,,,,,0.001949310303
0.160,,,,,-0.000036905809,,,,,0.000000000000,,,,,0.001486329714,,,,,0.000812337059,,,,,-0.000074080896,,,,,0.001888635377,,,,,0.001076067237,,,,,-0.000369801684,,,,,-0.000299453735,,,,,0.012049674988,,,,,-0.000301361084,,,,,0.007699966431,,,,,0.002901077271,,,,,0.000000000000,,,,,0.001649856567,,,,,-0.000749588013
0.260,,,,,0.000012458649,,,,,0.000000000000,,,,,0.001535736795,,,,,0.000467680758,,,,,-0.000049230975,,,,,0.001128409346,,,,,-0.002818574538,,,,,0.000074336725,,,,,0.000101089478,,,,,0.012450218201,,,,,-0.000200271606,,,,,0.004600524902,,,,,-0.007598876953,,,,,0.000000000000,,,,,0.000949859619,,,,,0.000150680542
0.361,,,,,-0.000838020443,,,,,0.000000000000,,,,,-0.000030820608,,,,,-0.000221631845,,,,,-0.000074080896,,,,,0.002256584776,,,,,-0.001817499495,,,,,0.001060474548,,,,,-0.006799697876,,,,,-0.000249862671,,,,,-0.000301361084,,,,,0.009200096130,,,,,-0.004899978638,,,,,0.000000000000,,,,,-0.000450134277,,,,,0.002149581909
0.462,,,,,0.000000000000,,,,,0.000000000000,,,,,0.001338343740,,,,,0.000763033365,,,,,-0.000049230975,,,,,0.002134012948,,,,,0.001298213925,,,,,-0.000173138702,,,,,0.000000000000,,,,,0.010849952698,,,,,-0.000200271606,,,,,0.008700370789,,,,,0.003499984741,,,,,0.000000000000,,,,,0.001549720764,,,,,-0.000350952148
0.564,,,,,-0.000061588038,,,,,0.000000000000,,,,,0.000228213664,,,,,0.000615591841,,,,,-0.000049230975,,,,,0.001300103471,,,,,-0.000704643634,,,,,-0.000123267228,,,,,-0.000499725342,,,,,0.001850128174,,,,,-0.000200271606,,,,,0.005300521851,,,,,-0.001899719238,,,,,0.000000000000,,,,,0.001250267029,,,,,-0.000249862671
0.664,,,,,-0.000887384901,,,,,0.000000000000,,,,,0.001523385025,,,,,-0.000566288147,,,,,-0.000074080896,,,,,0.000981276369,,,,,-0.001632141430,,,,,0.000369801684,,,,,-0.007200241089,,,,,0.012350082397,,,,,-0.000301361084,,,,,0.004000663757,,,,,-0.004400253296,,,,,0.000000000000,,,,,-0.001150131226,,,,,0.000749588013
0.765,,,,,0.000049364458,,,,,0.000000000000,,,,,-0.000561240923,,,,,0.000123024456,,,,,-0.000098461950,,,,,0.000907592923,,,,,0.001335710022,,,,,0.000616336139,,,,,0.000400543213,,,,,-0.004549980164,,,,,-0.000400543213,,,,,0.003700256348,,,,,0.003601074219,,,,,0.000000000000,,,,,0.000249862671,,,,,0.001249313354
0.866,,,,,-0.000948972939,,,,,0.000000000000,,,,,0.001264350753,,,,,0.000910944448,,,,,-0.000074080896,,,,,-0.000048888382,,,,,-0.000890001699,,,,,-0.000173138702,,,,,-0.007699966431,,,,,0.010250091553,,,,,-0.000301361084,,,,,-0.000199317932,,,,,-0.002399444580,,,,,0.000000000000,,,,,0.001850128174,,,,,-0.000350952148
0.967,,,,,-0.000874926252,,,,,0.000000000000,,,,,-0.000906619953,,,,,0.000369073369,,,,,-0.000909600872,,,,,-0.001005603602,,,,,-0.002596427850,,,,,0.000123267228,,,,,-0.007099151611,,,,,-0.007349967957,,,,,-0.003700256348,,,,,-0.004099845886,,,,,-0.006999969482,,,,,0.000000000000,,,,,0.000749588013,,,,,0.000249862671
1.068,,,,,0.000049364458,,,,,0.000000000000,,,,,-0.001745363986,,,,,0.000763033365,,,,,-0.001155755747,,,,,-0.001692380103,,,,,0.003227494237,,,,,0.000616336139,,,,,0.000400543213,,,,,-0.014149665833,,,,,-0.004701614380,,,,,-0.006899833679,,,,,0.008701324463,,,,,0.000000000000,,,,,0.001549720764,,,,,0.001249313354
1.169,,,,,-0.000899608481,,,,,0.000000000000,,,,,-0.002386832599,,,,,0.001747698575,,,,,-0.001180136802,,,,,-0.002992249658,,,,,0.000408212226,,,,,-0.000863811566,,,,,-0.007299423218,,,,,-0.019350051880,,,,,-0.004800796509,,,,,-0.012199401855,,,,,0.001100540161,,,,,0.000000000000,,,,,0.003549575806,,,,,-0.001750946045
1.271,,,,,-0.000801114634,,,,,0.000000000000,,,,,-0.002584225655,,,,,0.001255600749,,,,,-0.001180136802,,,,,-0.003139616550,,,,,-0.001112855860,,,,,-0.001307009004,,,,,-0.006500244141,,,,,-0.020950317383,,,,,-0.004800796509,,,,,-0.012800216675,,,,,-0.003000259399,,,,,0.000000000000,,,,,0.002550125122,,,,,-0.002649307251
1.371,,,,,-0.000049129389,,,,,0.000000000000,,,,,0.001708426310,,,,,0.010856673496,,,,,0.002777564725,,,,,0.004807435504,,,,,0.009903921925,,,,,-0.001652345436,,,,,-0.000398635864,,,,,0.013850212097,,,,,0.011299133301,,,,,0.019599914551,,,,,0.026700973511,,,,,0.000000000000,,,,,0.022049903870,,,,,-0.003349304199
1.472,,,,,-0.000813338214,,,,,0.000000000000,,,,,0.000437840854,,,,,0.010561320889,,,,,0.002753183671,,,,,0.003777270753,,,,,0.005156067076,,,,,0.013739120566,,,,,-0.006599426270,,,,,0.003549575806,,,,,0.011199951172,,,,,0.015399932861,,,,,0.013900756836,,,,,0.000000000000,,,,,0.021450042725,,,,,0.027849197388
1.573,,,,,-0.000160081885,,,,,0.000000000000,,,,,0.001079309468,,,,,0.009034784600,,,,,0.002162880837,,,,,0.000613326970,,,,,0.003894641774,,,,,0.009546152876,,,,,-0.001298904419,,,,,0.008749961853,,,,,0.008798599243,,,,,0.002500534058,,,,,0.010499954224,,,,,0.000000000000,,,,,0.018349647522,,,,,0.019350051880
1.674,,,,,-0.000073811618,,,,,0.000000000000,,,,,-0.009442399165,,,,,-0.004062154855,,,,,-0.022615772199,,,,,-0.036497399127,,,,,-0.001520360613,,,,,-0.009891489308,,,,,-0.000598907471,,,,,-0.076549530029,,,,,-0.092000961304,,,,,-0.148799896240,,,,,-0.004098892212,,,,,0.000000000000,,,,,-0.008250236511,,,,,-0.020050048828
1.733,-0.000452225450,0.000617819268,-0.000948972939,0.000049364458,,0.000000000000,0.000000000000,0.000000000000,0.000000000000,,-0.001313675490,0.003340527765,-0.009442399165,0.001708426310,,0.003155999909,0.005776951329,-0.004062154855,0.010856673496,,-0.001952031603,0.007324000719,-0.022615772199,0.002777564725,,-0.003527051127,0.011803930606,-0.036497399127,0.004807435504,,0.001780640124,0.004040939178,-0.002596427850,0.009903921925,,0.001075341893,0.006194543002,-0.009891489308,0.013739120566,,-0.003669357393,0.005012985319,-0.007699966431,0.000400543213,,-0.010649967007,0.027081659064,-0.076549530029,0.013850212097,,-0.007940864190,0.029794035479,-0.092000961304,0.011299133301,,-0.014379787259,0.048124626279,-0.148799896240,0.019599914551,,0.004800605588,0.010894372128,-0.006999969482,0.026700973511,,0.000000000000,0.000000000000,0.000000000000,0.000000000000,,0.006409836002,0.011732988060,-0.008250236511,0.022049903870,,0.002179718111,0.012556338683,-0.020050048828,0.027849197388,
1.775,,,,,-0.000727067947,,,,,0.000000000000,,,,,-0.017608213442,,,,,-0.138872541975,,,,,-0.048353257081,,,,,-0.070909907603,,,,,-0.110793538193,,,,,-0.163320608191,,,,,-0.005899429321,,,,,-0.142749786377,,,,,-0.196701049805,,,,,-0.289099693298,,,,,-0.298699378967,,,,,0.000000000000,,,,,-0.282050132751,,,,,-0.331050872803
1.876,,,,,-0.000221669924,,,,,0.000000000000,,,,,-0.029832231318,,,,,-0.211250834838,,,,,-0.074041510988,,,,,-0.105322416080,,,,,-0.169881019819,,,,,-0.250888329512,,,,,-0.001798629761,,,,,-0.241849899292,,,,,-0.301200866699,,,,,-0.429399490356,,,,,-0.457999229431,,,,,0.000000000000,,,,,-0.429050445557,,,,,-0.508550643921
1.977,,,,,-0.000221669924,,,,,0.000000000000,,,,,-0.054267915298,,,,,-0.285844507034,,,,,-0.102138800607,,,,,-0.143733011732,,,,,-0.229450998391,,,,,-0.341021138338,,,,,-0.001798629761,,,,,-0.439949989319,,,,,-0.415500640869,,,,,-0.585999488831,,,,,-0.618599891663,,,,,0.000000000000,,,,,-0.580550193787,,,,,-0.691249847412
2.078,,,,,-0.000603891871,,,,,0.000000000000,,,,,-0.064148272953,,,,,-0.423116791959,,,,,-0.155113205211,,,,,-0.220848702905,,,,,-0.347997031509,,,,,-0.430117937868,,,,,-0.004899978638,,,,,-0.520050048828,,,,,-0.631000518799,,,,,-0.900400161743,,,,,-0.938199996948,,,,,0.000000000000,,,,,-0.859350204468,,,,,-0.871849060059
2.179,,,,,-0.000221669924,,,,,0.000000000000,,,,,-0.073695603349,,,,,-0.482742332109,,,,,-0.177065062546,,,,,-0.250085826478,,,,,-0.397255229667,,,,,-0.578712346698,,,,,-0.001798629761,,,,,-0.597450256348,,,,,-0.720300674438,,,,,-1.019599914551,,,,,-1.071000099182,,,,,0.000000000000,,,,,-0.980449676514,,,,,-1.173049926758
2.280,,,,,-0.000763973756,,,,,0.000000000000,,,,,-0.084858780594,,,,,-0.558764402764,,,,,-0.203859606793,,,,,-0.283811558454,,,,,-0.456824854503,,,,,-0.663369644082,,,,,-0.006198883057,,,,,-0.687950134277,,,,,-0.829300880432,,,,,-1.157099723816,,,,,-1.231599807739,,,,,0.000000000000,,,,,-1.134850502014,,,,,-1.344650268555
2.381,,,,,0.001084607665,,,,,0.000000000000,,,,,-0.117275237567,,,,,-0.653003484143,,,,,-0.277728809368,,,,,-0.382536148247,,,,,-0.534940544151,,,,,-0.767908251574,,,,,0.008800506592,,,,,-0.950750350952,,,,,-1.129800796509,,,,,-1.559599876404,,,,,-1.442199707031,,,,,0.000000000000,,,,,-1.326250076294,,,,,-1.556550025940
2.482,,,,,0.002933189086,,,,,0.000000000000,,,,,-0.134371499532,,,,,-0.866543419076,,,,,-0.320329544232,,,,,-0.441353783644,,,,,-0.713056202105,,,,,-1.022372742151,,,,,0.023799896240,,,,,-1.089349746704,,,,,-1.303100585938,,,,,-1.799399375916,,,,,-1.922399520874,,,,,0.000000000000,,,,,-1.759949684143,,,,,-2.072349548340
2.583,,,,,0.003512398727,,,,,0.000000000000,,,,,-0.154119863071,,,,,-0.967626792348,,,,,-0.359734719951,,,,,-0.494898257374,,,,,-0.795771530898,,,,,-1.145313453016,,,,,0.028499603271,,,,,-1.249449729919,,,,,-1.463400840759,,,,,-2.017700195313,,,,,-2.145400047302,,,,,0.000000000000,,,,,-1.965250015259,,,,,-2.321550369263
2.685,,,,,0.006038918706,,,,,0.000000000000,,,,,-0.190150448084,,,,,-1.065805004126,,,,,-0.396140791556,,,,,-0.543855644191,,,,,-0.880266863090,,,,,-1.258337268349,,,,,0.048999786377,,,,,-1.541549682617,,,,,-1.611500740051,,,,,-2.217299461365,,,,,-2.373199462891,,,,,0.000000000000,,,,,-2.164649963379,,,,,-2.550649642944
2.733,0.001080917084,0.002453769299,-0.000763973756,0.006038918706,,0.000000000000,0.000000000000,0.000000000000,0.000000000000,,-0.092032806521,0.106118509078,-0.190150448084,-0.017608213442,,-0.565357011037,0.641830053871,-1.065805004126,-0.138872541975,,-0.211450530833,0.241102530769,-0.396140791556,-0.048353257081,,-0.293735525671,0.333238141545,-0.543855644191,-0.070909907603,,-0.463623781233,0.527647395670,-0.880266863090,-0.110793538193,,-0.662136171978,0.754716330182,-1.258337268349,-0.163320608191,,0.008770560846,0.019909884781,-0.006198883057,0.048999786377,,-0.746109962463,0.860302746296,-1.541549682617,-0.142749786377,,-0.860180735588,0.980805099010,-1.611500740051,-0.196701049805,,-1.197559714317,1.358611941338,-2.217299461365,-0.289099693298,,-1.249929666519,1.422537326813,-2.373199462891,-0.298699378967,,0.000000000000,0.000000000000,0.000000000000,0.000000000000,,-1.148240089417,1.303556799889,-2.164649963379,-0.282050132751,,-1.342149972916,1.529809951782,-2.550649642944,-0.331050872803,
2.785,,,,,0.007616465745,,,,,0.000000000000,,,,,-0.212205534168,,,,,-1.337740234645,,,,,-0.497369991291,,,,,-0.679053071962,,,,,-1.106936075567,,,,,-1.411568783279,,,,,0.061800003052,,,,,-1.720350265503,,,,,-2.023301124573,,,,,-2.768499374390,,,,,-2.984299659729,,,,,0.000000000000,,,,,-2.716950416565,,,,,-2.861249923706
2.886,,,,,0.007517971897,,,,,0.000000000000,,,,,-0.230930112390,,,,,-1.454973150391,,,,,-0.542158456913,,,,,-0.739048239002,,,,,-1.204562116447,,,,,-1.710680946083,,,,,0.061000823975,,,,,-1.872150421143,,,,,-2.205500602722,,,,,-3.013099670410,,,,,-3.247499465942,,,,,0.000000000000,,,,,-2.955050468445,,,,,-3.467550277710
2.987,,,,,0.008885837524,,,,,0.000000000000,,,,,-0.251998233195,,,,,-1.569744168333,,,,,-0.586480166005,,,,,-0.800367836745,,,,,-1.303560655973,,,,,-1.849851998779,,,,,0.072099685669,,,,,-2.042949676514,,,,,-2.385801315308,,,,,-3.263099670410,,,,,-3.514399528503,,,,,0.000000000000,,,,,-3.188150405884,,,,,-3.749650001526
3.088,,,,,0.009354329738,,,,,0.000000000000,,,,,-0.283131870577,,,,,-1.673338273545,,,,,-0.657645181451,,,,,-0.894971767535,,,,,-1.389465629170,,,,,-1.972446902726,,,,,0.075901031494,,,,,-2.295350074768,,,,,-2.675300598145,,,,,-3.648799896240,,,,,-3.745999336243,,,,,0.000000000000,,,,,-3.398550033569,,,,,-3.998149871826
3.189,,,,,0.008257498493,,,,,0.000000000000,,,,,-0.291963739373,,,,,-1.821934912722,,,,,-0.683849891730,,,,,-0.926637170009,,,,,-1.508197020352,,,,,-2.143142372737,,,,,0.067001342773,,,,,-2.366950035095,,,,,-2.781901359558,,,,,-3.777899742126,,,,,-4.066099166870,,,,,0.000000000000,,,,,-3.700349807739,,,,,-4.344149589539
3.290,,,,,0.009157106975,,,,,0.000000000000,,,,,-0.303213261376,,,,,-1.885352141748,,,,,-0.707694328406,,,,,-0.956904575291,,,,,-1.562314500441,,,,,-2.214726286683,,,,,0.074300765991,,,,,-2.458149909973,,,,,-2.878900527954,,,,,-3.901299953461,,,,,-4.211999893188,,,,,0.000000000000,,,,,-3.829150199890,,,,,-4.489250183105
3.390,,,,,0.008947660631,,,,,0.000000000000,,,,,-0.310614324607,,,,,-1.933751935034,,,,,-0.725713099702,,,,,-0.981702212759,,,,,-1.598886990759,,,,,-2.268598770119,,,,,0.072601318359,,,,,-2.518150329590,,,,,-2.952200889587,,,,,-4.002399921417,,,,,-4.310599327087,,,,,0.000000000000,,,,,-3.927450180054,,,,,-4.598449707031
3.492,,,,,0.007776782699,,,,,0.000000000000,,,,,-0.321678805325,,,,,-1.989192765432,,,,,-0.747640341550,,,,,-1.011233719243,,,,,-1.643916619638,,,,,-2.310137943970,,,,,0.063100814819,,,,,-2.607850074768,,,,,-3.041400909424,,,,,-4.122799873352,,,,,-4.431999206543,,,,,0.000000000000,,,,,-4.040050506592,,,,,-4.682649612427
3.593,,,,,0.008701073409,,,,,0.000000000000,,,,,-0.321913136056,,,,,-2.003225066402,,,,,-0.752950019424,,,,,-1.017635407213,,,,,-1.658085899466,,,,,-2.350641579009,,,,,0.070600509644,,,,,-2.609749794006,,,,,-3.063000679016,,,,,-4.148899555206,,,,,-4.470199584961,,,,,0.000000000000,,,,,-4.068550109863,,,,,-4.764750480652
3.694,,,,,0.007899958775,,,,,0.000000000000,,,,,-0.324922850795,,,,,-2.015041988040,,,,,-0.756563572991,,,,,-1.021952321490,,,,,-1.664020541160,,,,,-2.362481349198,,,,,0.064100265503,,,,,-2.634149551392,,,,,-3.077700614929,,,,,-4.166499614716,,,,,-4.486199378967,,,,,0.000000000000,,,,,-4.092550277710,,,,,-4.788749694824
3.733,0.008411468589,0.008436159919,0.007517971897,0.009354329738,,0.000000000000,0.000000000000,0.000000000000,0.000000000000,,-0.285257186786,0.287814040098,-0.324922850795,-0.212205534168,,-1.768429463629,1.783654740822,-2.015041988040,-1.337740234645,,-0.665806504946,0.671654566160,-0.756563572991,-0.497369991291,,-0.902950632125,0.910466504756,-1.021952321490,-0.679053071962,,-1.463994604897,1.476440381785,-1.664020541160,-1.106936075567,,-2.059427693258,2.081337030460,-2.362481349198,-1.411568783279,,0.068250656128,0.068451002240,0.061000823975,0.075901031494,,-2.312580108643,2.333308458328,-2.634149551392,-1.720350265503,,-2.708500862122,2.732290744781,-3.077700614929,-2.023301124573,,-3.681329727173,3.711971998215,-4.166499614716,-2.768499374390,,-3.946929454803,3.980483293533,-4.486199378967,-2.984299659729,,0.000000000000,0.000000000000,0.000000000000,0.000000000000,,-3.591680288315,3.622602701187,-4.092550277710,-2.716950416565,,-4.174459934235,4.218870162964,-4.788749694824,-2.861249923706,
3.796,,,,,0.007826147157,,,,,0.000000000000,,,,,-0.325033899093,,,,,-2.017454582150,,,,,-0.757301099884,,,,,-1.021142973162,,,,,-1.667099112219,,,,,-2.362728354139,,,,,0.063501358032,,,,,-2.635049819946,,,,,-3.080700874329,,,,,-4.163199901581,,,,,-4.494499206543,,,,,0.000000000000,,,,,-4.097450256348,,,,,-4.789250373840
3.897,,,,,0.008368215921,,,,,0.000000000000,,,,,-0.323837424260,,,,,-2.008000950928,,,,,-0.755457517086,,,,,-1.020382630173,,,,,-1.661313039966,,,,,-2.356117560938,,,,,0.067899703979,,,,,-2.625349998474,,,,,-3.073201179504,,,,,-4.160099983215,,,,,-4.478899955750,,,,,0.000000000000,,,,,-4.078249931335,,,,,-4.775850296021
3.998,,,,,0.008269722073,,,,,0.000000000000,,,,,-0.323233010958,,,,,-1.997907310798,,,,,-0.751892960060,,,,,-1.017341141260,,,,,-1.650185188837,,,,,-2.345362730548,,,,,0.067100524902,,,,,-2.620450019836,,,,,-3.058700561523,,,,,-4.147699832916,,,,,-4.448899269104,,,,,0.000000000000,,,,,-4.057749748230,,,,,-4.754050254822
4.100,,,,,0.008134087348,,,,,0.000000000000,,,,,-0.320790654210,,,,,-1.995002618862,,,,,-0.749926534257,,,,,-1.014103397073,,,,,-1.647959830853,,,,,-2.339787946644,,,,,0.065999984741,,,,,-2.600649833679,,,,,-3.050701141357,,,,,-4.134499549866,,,,,-4.442899703979,,,,,0.000000000000,,,,,-4.051850318909,,,,,-4.742750167847
4.200,,,,,0.008232816264,,,,,0.000000000000,,,,,-0.322579308210,,,,,-2.001649226419,,,,,-0.751278510605,,,,,-1.016041154747,,,,,-1.654154115332,,,,,-2.341465227817,,,,,0.066801071167,,,,,-2.615150451660,,,,,-3.056200981140,,,,,-4.142399787903,,,,,-4.459599494934,,,,,0.000000000000,,,,,-4.065349578857,,,,,-4.746150016785
4.301,,,,,0.008491627066,,,,,0.000000000000,,,,,-0.321407419282,,,,,-2.004652995303,,,,,-0.752925403936,,,,,-1.020137252602,,,,,-1.654858758966,,,,,-2.352071855241,,,,,0.068901062012,,,,,-2.605649948120,,,,,-3.062900543213,,,,,-4.159099578857,,,,,-4.461499214172,,,,,0.000000000000,,,,,-4.071450233459,,,,,-4.767649650574
4.402,,,,,0.008047817081,,,,,0.000000000000,,,,,-0.324269148047,,,,,-2.008148862011,,,,,-0.754400457722,,,,,-1.022737225628,,,,,-1.659791971880,,,,,-2.355574620552,,,,,0.065299987793,,,,,-2.628849983215,,,,,-3.068901062012,,,,,-4.169699668884,,,,,-4.474799156189,,,,,0.000000000000,,,,,-4.078550338745,,,,,-4.774749755859
4.503,,,,,0.007813688508,,,,,0.000000000000,,,,,-0.324367844575,,,,,-2.010856808729,,,,,-0.755703203094,,,,,-1.025312637505,,,,,-1.662870896676,,,,,-2.357794842111,,,,,0.063400268555,,,,,-2.629650115967,,,,,-3.074200630188,,,,,-4.180199623108,,,,,-4.483099937439,,,,,0.000000000000,,,,,-4.084050178528,,,,,-4.779250144958
4.604,,,,,0.008713296989,,,,,0.000000000000,,,,,-0.323874479571,,,,,-2.011546121332,,,,,-0.755949123536,,,,,-1.024871121618,,,,,-1.661275897606,,,,,-2.359620326249,,,,,0.070699691772,,,,,-2.625650405884,,,,,-3.075201034546,,,,,-4.178399562836,,,,,-4.478799819946,,,,,0.000000000000,,,,,-4.085450172424,,,,,-4.782950401306
4.705,,,,,0.007764324050,,,,,0.000000000000,,,,,-0.323590741758,,,,,-2.011792170244,,,,,-0.755949123536,,,,,-1.023914640313,,,,,-1.664539826730,,,,,-2.359620326249,,,,,0.062999725342,,,,,-2.623350143433,,,,,-3.075201034546,,,,,-4.174499988556,,,,,-4.487599372864,,,,,0.000000000000,,,,,-4.085949897766,,,,,-4.782950401306
4.733,0.008166174246,0.008171546067,0.007764324050,0.008713296989,,0.000000000000,0.000000000000,0.000000000000,0.000000000000,,-0.323298392996,0.323300897154,-0.325033899093,-0.320790654210,,-2.006701164678,2.006711878439,-2.017454582150,-1.995002618862,,-0.754078393372,0.754081921750,-0.757301099884,-0.749926534257,,-1.020598417408,1.020604794591,-1.025312637505,-1.014103397073,,-1.658404863907,1.658415690632,-1.667099112219,-1.647959830853,,-2.353014379049,2.353026882834,-2.362728354139,-2.339787946644,,0.066260337830,0.066303923726,0.062999725342,0.070699691772,,-2.620980024338,2.621000289917,-2.635049819946,-2.600649833679,,-3.067590951920,3.067605257034,-3.080700874329,-3.050701141357,,-4.160979747772,4.161005973816,-4.180199623108,-4.134499549866,,-4.471059322357,4.471088886261,-4.494499206543,-4.442899703979,,0.000000000000,0.000000000000,0.000000000000,0.000000000000,,-4.075610160828,4.075631618500,-4.097450256348,-4.051850318909,,-4.769560337067,4.769585609436,-4.789250373840,-4.742750167847,
4.807,,,,,0.007739876890,,,,,0.000000000000,,,,,-0.323454989919,,,,,-2.012432179153,,,,,-0.756022735566,,,,,-1.024527733367,,,,,-1.663946610176,,,,,-2.359077385863,,,,,0.062801361084,,,,,-2.622249603271,,,,,-3.075500488281,,,,,-4.176999568939,,,,,-4.486000061035,,,,,0.000000000000,,,,,-4.087249755859,,,,,-4.781849861145
4.909,,,,,0.008824249486,,,,,0.000000000000,,,,,-0.325650664165,,,,,-2.011201465030,,,,,-0.756268656008,,,,,-1.025705148053,,,,,-1.661869467897,,,,,-2.358732049431,,,,,0.071599960327,,,,,-2.640049934387,,,,,-3.076500892639,,,,,-4.181799888611,,,,,-4.480400085449,,,,,0.000000000000,,,,,-4.084750175476,,,,,-4.781149864197
5.009,,,,,0.007789006279,,,,,0.000000000000,,,,,-0.323529100542,,,,,-2.011004250253,,,,,-0.756219425033,,,,,-1.023840956867,,,,,-1.664725538531,,,,,-2.359866860704,,,,,0.063199996948,,,,,-2.622850418091,,,,,-3.076300621033,,,,,-4.174199581146,,,,,-4.488100051880,,,,,0.000000000000,,,,,-4.084349632263,,,,,-4.783450126648
5.111,,,,,0.008577897333,,,,,0.000000000000,,,,,-0.324910616660,,,,,-2.012432179153,,,,,-0.756121197516,,,,,-1.022835353265,,,,,-1.662870896676,,,,,-2.359768058728,,,,,0.069601058960,,,,,-2.634050369263,,,,,-3.075901031494,,,,,-4.170099735260,,,,,-4.483099937439,,,,,0.000000000000,,,,,-4.087249755859,,,,,-4.783249855042
5.211,,,,,0.008651708951,,,,,0.000000000000,,,,,-0.324158099748,,,,,-2.013515451752,,,,,-0.756096582028,,,,,-1.023276869152,,,,,-1.664131968241,,,,,-2.358682648443,,,,,0.070199966431,,,,,-2.627949714661,,,,,-3.075800895691,,,,,-4.171899795532,,,,,-4.486499786377,,,,,0.000000000000,,,,,-4.089449882507,,,,,-4.781049728394
5.312,,,,,0.008010911272,,,,,0.000000000000,,,,,-0.324626878847,,,,,-2.011890777633,,,,,-0.756317886983,,,,,-1.023154180366,,,,,-1.664910896596,,,,,-2.360458731592,,,,,0.065000534058,,,,,-2.631750106812,,,,,-3.076701164246,,,,,-4.171399593353,,,,,-4.488599777222,,,,,0.000000000000,,,,,-4.086150169373,,,,,-4.784649848938
5.413,,,,,0.008245039844,,,,,0.000000000000,,,,,-0.324491127008,,,,,-2.012284737629,,,,,-0.756760262458,,,,,-1.023718385039,,,,,-1.661758040816,,,,,-2.360902870001,,,,,0.066900253296,,,,,-2.630649566650,,,,,-3.078500747681,,,,,-4.173699855804,,,,,-4.480099678040,,,,,0.000000000000,,,,,-4.086950302124,,,,,-4.785550117493
5.515,,,,,0.008466944837,,,,,0.000000000000,,,,,-0.323911417247,,,,,-2.012382875458,,,,,-0.756760262458,,,,,-1.023080613878,,,,,-1.661646613735,,,,,-2.358584316952,,,,,0.068700790405,,,,,-2.625949859619,,,,,-3.078500747681,,,,,-4.171099662781,,,,,-4.479799270630,,,,,0.000000000000,,,,,-4.087149620056,,,,,-4.780850410461
5.616,,,,,0.008109405119,,,,,0.000000000000,,,,,-0.325564319408,,,,,-2.012334041323,,,,,-0.756342502470,,,,,-1.020848590251,,,,,-1.664020541160,,,,,-2.356561228861,,,,,0.065799713135,,,,,-2.639349937439,,,,,-3.076801300049,,,,,-4.161999702454,,,,,-4.486199378967,,,,,0.000000000000,,,,,-4.087050437927,,,,,-4.776749610901
5.717,,,,,0.008060275730,,,,,0.000000000000,,,,,-0.323973058463,,,,,-2.010462848733,,,,,-0.756244040520,,,,,-1.020676896126,,,,,-1.660088757025,,,,,-2.359422722296,,,,,0.065401077271,,,,,-2.626449584961,,,,,-3.076400756836,,,,,-4.161299705505,,,,,-4.475599288940,,,,,0.000000000000,,,,,-4.083250045776,,,,,-4.782549858093
5.733,0.008247531574,0.008254993126,0.007739876890,0.008824249486,,0.000000000000,0.000000000000,0.000000000000,0.000000000000,,-0.324427027201,0.324427853891,-0.325650664165,-0.323454989919,,-2.011994080612,2.011994254891,-2.013515451752,-2.010462848733,,-0.756315355104,0.756315393731,-0.756760262458,-0.756022735566,,-1.023166472636,1.023167487005,-1.025705148053,-1.020676896126,,-1.662996933085,1.662997624369,-1.664910896596,-1.660088757025,,-2.359205687287,2.359205965870,-2.360902870001,-2.356561228861,,0.066920474172,0.066981017590,0.062801361084,0.071599960327,,-2.630129814148,2.630136728287,-2.640049934387,-2.622249603271,,-3.076690912247,3.076690912247,-3.078500747681,-3.075500488281,,-4.171449661255,4.171453952789,-4.181799888611,-4.161299705505,,-4.483439922333,4.483441829681,-4.488599777222,-4.475599288940,,0.000000000000,0.000000000000,0.000000000000,0.000000000000,,-4.086359977722,4.086360454559,-4.089449882507,-4.083250045776,,-4.782109737396,4.782110691071,-4.785550117493,-4.776749610901,
5.819,,,,,0.008331310111,,,,,0.000000000000,,,,,-0.325724657152,,,,,-2.013958715442,,,,,-0.757350330859,,,,,-1.023571252063,,,,,-1.663983398800,,,,,-2.361544141878,,,,,0.067600250244,,,,,-2.640649795532,,,,,-3.080901145935,,,,,-4.173099994659,,,,,-4.486099243164,,,,,0.000000000000,,,,,-4.090350151062,,,,,-4.786849975586
5.919,,,,,0.008516309295,,,,,0.000000000000,,,,,-0.325268229824,,,,,-2.017552719980,,,,,-0.758775919236,,,,,-1.023644818551,,,,,-1.668100894736,,,,,-2.364356234324,,,,,0.069101333618,,,,,-2.636949539185,,,,,-3.086700439453,,,,,-4.173399925232,,,,,-4.497200012207,,,,,0.000000000000,,,,,-4.097649574280,,,,,-4.792550086975
6.020,,,,,0.007702736012,,,,,0.000000000000,,,,,-0.326366125765,,,,,-2.019719265178,,,,,-0.759095686141,,,,,-1.023890079164,,,,,-1.667321966381,,,,,-2.368599073488,,,,,0.062500000000,,,,,-2.645850181580,,,,,-3.088001251221,,,,,-4.174399852753,,,,,-4.495100021362,,,,,0.000000000000,,,,,-4.102049827576,,,,,-4.801150321960
6.121,,,,,0.008602579562,,,,,0.000000000000,,,,,-0.324750161280,,,,,-2.019571823654,,,,,-0.759169298170,,,,,-1.024871121618,,,,,-1.670474468424,,,,,-2.367908400624,,,,,0.069801330566,,,,,-2.632749557495,,,,,-3.088300704956,,,,,-4.178399562836,,,,,-4.503599166870,,,,,0.000000000000,,,,,-4.101750373840,,,,,-4.799750328064
6.223,,,,,0.008614803142,,,,,0.000000000000,,,,,-0.324898264890,,,,,-2.020261136256,,,,,-0.759267760120,,,,,-1.025239071017,,,,,-1.670845538289,,,,,-2.367069524794,,,,,0.069900512695,,,,,-2.633950233459,,,,,-3.088701248169,,,,,-4.179899692535,,,,,-4.504599571228,,,,,0.000000000000,,,,,-4.103150367737,,,,,-4.798049926758
6.323,,,,,0.007579559935,,,,,0.000000000000,,,,,-0.326563518821,,,,,-2.018635992579,,,,,-0.759292141174,,,,,-1.026637185167,,,,,-1.667581609166,,,,,-2.367118925782,,,,,0.061500549316,,,,,-2.647450447083,,,,,-3.088800430298,,,,,-4.185599803925,,,,,-4.495800018311,,,,,0.000000000000,,,,,-4.099849700928,,,,,-4.798150062561
6.424,,,,,0.008590120913,,,,,0.000000000000,,,,,-0.325477974650,,,,,-2.018291336277,,,,,-0.759267760120,,,,,-1.026759873952,,,,,-1.671030896354,,,,,-2.367217727759,,,,,0.069700241089,,,,,-2.638649940491,,,,,-3.088701248169,,,,,-4.186100006104,,,,,-4.505099296570,,,,,0.000000000000,,,,,-4.099149703979,,,,,-4.798350334167
6.525,,,,,0.007752100470,,,,,0.000000000000,,,,,-0.325613608854,,,,,-2.019374608876,,,,,-0.759218529145,,,,,-1.026146663940,,,,,-1.669844109510,,,,,-2.366872391327,,,,,0.062900543213,,,,,-2.639749526978,,,,,-3.088500976563,,,,,-4.183599948883,,,,,-4.501899719238,,,,,0.000000000000,,,,,-4.101349830627,,,,,-4.797650337219
6.626,,,,,0.007641147974,,,,,0.000000000000,,,,,-0.324614527076,,,,,-2.019719265178,,,,,-0.759243144633,,,,,-1.028550381692,,,,,-1.667062323596,,,,,-2.366132317474,,,,,0.062000274658,,,,,-2.631649971008,,,,,-3.088601112366,,,,,-4.193399906158,,,,,-4.494400024414,,,,,0.000000000000,,,,,-4.102049827576,,,,,-4.796150207520
6.727,,,,,0.008540756455,,,,,0.000000000000,,,,,-0.326501759969,,,,,-2.018488551055,,,,,-0.759218529145,,,,,-1.029310724681,,,,,-1.671661609004,,,,,-2.367464262215,,,,,0.069299697876,,,,,-2.646949768066,,,,,-3.088500976563,,,,,-4.196499824524,,,,,-4.506799697876,,,,,0.000000000000,,,,,-4.099550247192,,,,,-4.798850059509
6.733,0.008187142387,0.008198513484,0.007579559935,0.008614803142,,0.000000000000,0.000000000000,0.000000000000,0.000000000000,,-0.325577882828,0.325578596957,-0.326563518821,-0.324614527076,,-2.018557341447,2.018558073120,-2.020261136256,-2.013958715442,,-0.758989909874,0.758990120140,-0.759292141174,-0.757350330859,,-1.025862117184,1.025863873315,-1.029310724681,-1.023571252063,,-1.668790681426,1.668792228055,-1.671661609004,-1.663983398800,,-2.366428299966,2.366429101190,-2.368599073488,-2.361544141878,,0.066430471838,0.066522739828,0.061500549316,0.069900512695,,-2.639459848404,2.639465570450,-2.647450447083,-2.631649971008,,-3.087570905685,3.087571859360,-3.088800430298,-3.080901145935,,-4.182439804077,4.182446956635,-4.196499824524,-4.173099994659,,-4.499059677124,4.499063968658,-4.506799697876,-4.486099243164,,0.000000000000,0.000000000000,0.000000000000,0.000000000000,,-4.099689960480,4.099691390991,-4.103150367737,-4.090350151062,,-4.796750068665,4.796751976013,-4.801150321960,-4.786849975586,
6.828,,,,,0.007961546813,,,,,0.000000000000,,,,,-0.324774864821,,,,,-2.018734599968,,,,,-0.759243144633,,,,,-1.028574825883,,,,,-1.668805538370,,,,,-2.367957801612,,,,,0.064599990845,,,,,-2.632949829102,,,,,-3.088601112366,,,,,-4.193499565125,,,,,-4.499099731445,,,,,0.000000000000,,,,,-4.100049972534,,,,,-4.799850463867
6.930,,,,,0.007826147157,,,,,0.000000000000,,,,,-0.325046250863,,,,,-2.019817872566,,,,,-0.759267760120,,,,,-1.027986177019,,,,,-1.667655540149,,,,,-2.366625386385,,,,,0.063501358032,,,,,-2.635149955750,,,,,-3.088701248169,,,,,-4.191099643707,,,,,-4.495999336243,,,,,0.000000000000,,,,,-4.102250099182,,,,,-4.797149658203
7.030,,,,,0.008294404302,,,,,0.000000000000,,,,,-0.325823353680,,,,,-2.017897376282,,,,,-0.759267760120,,,,,-1.027691911066,,,,,-1.670845538289,,,,,-2.364701570756,,,,,0.067300796509,,,,,-2.641449928284,,,,,-3.088701248169,,,,,-4.189899921417,,,,,-4.504599571228,,,,,0.000000000000,,,,,-4.098349571228,,,,,-4.793250083923
7.131,,,,,0.008208134035,,,,,0.000000000000,,,,,-0.325453271109,,,,,-2.017306671067,,,,,-0.759267760120,,,,,-1.027176828691,,,,,-1.667210539300,,,,,-2.366625386385,,,,,0.066600799561,,,,,-2.638449668884,,,,,-3.088701248169,,,,,-4.187799930573,,,,,-4.494799613953,,,,,0.000000000000,,,,,-4.097149848938,,,,,-4.797149658203
7.232,,,,,0.008084957959,,,,,0.000000000000,,,,,-0.325070954404,,,,,-2.017946679976,,,,,-0.759169298170,,,,,-1.027225834030,,,,,-1.667655540149,,,,,-2.365491045598,,,,,0.065601348877,,,,,-2.635350227356,,,,,-3.088300704956,,,,,-4.187999725342,,,,,-4.495999336243,,,,,0.000000000000,,,,,-4.098449707031,,,,,-4.794850349426
7.333,,,,,0.007912417424,,,,,0.000000000000,,,,,-0.324343141034,,,,,-2.018389943666,,,,,-0.758849765699,,,,,-1.025852281029,,,,,-1.670548753144,,,,,-2.364553367792,,,,,0.064201354980,,,,,-2.629449844360,,,,,-3.087000846863,,,,,-4.182399749756,,,,,-4.503799438477,,,,,0.000000000000,,,,,-4.099349975586,,,,,-4.792949676514
7.434,,,,,0.008553215104,,,,,0.000000000000,,,,,-0.326366125765,,,,,-2.017700631063,,,,,-0.758800534724,,,,,-1.024601416814,,,,,-1.666468753305,,,,,-2.366477653906,,,,,0.069400787354,,,,,-2.645850181580,,,,,-3.086800575256,,,,,-4.177299976349,,,,,-4.492799758911,,,,,0.000000000000,,,,,-4.097949981689,,,,,-4.796850204468
7.535,,,,,0.007764324050,,,,,0.000000000000,,,,,-0.324355492804,,,,,-2.018242502142,,,,,-0.758825150211,,,,,-1.024797555130,,,,,-1.669028038795,,,,,-2.365885783018,,,,,0.062999725342,,,,,-2.629549980164,,,,,-3.086900711060,,,,,-4.178099632263,,,,,-4.499699592590,,,,,0.000000000000,,,,,-4.099050521851,,,,,-4.795650482178
7.636,,,,,0.007752100470,,,,,0.000000000000,,,,,-0.325083306175,,,,,-2.018980648880,,,,,-0.758775919236,,,,,-1.025876842178,,,,,-1.670734111209,,,,,-2.364849303236,,,,,0.062900543213,,,,,-2.635450363159,,,,,-3.086700439453,,,,,-4.182499885559,,,,,-4.504299163818,,,,,0.000000000000,,,,,-4.100549697876,,,,,-4.793549537659
7.733,0.008039694146,0.008043738676,0.007752100470,0.008553215104,,0.000000000000,0.000000000000,0.000000000000,0.000000000000,,-0.325146306740,0.325146899407,-0.326366125765,-0.324343141034,,-2.018335213957,2.018335340277,-2.019817872566,-2.017306671067,,-0.759051899226,0.759051930095,-0.759267760120,-0.758775919236,,-1.026642630204,1.026643498564,-1.028574825883,-1.024601416814,,-1.668772483635,1.668773203027,-1.670845538289,-1.666468753305,,-2.365907477632,2.365907715764,-2.367957801612,-2.364553367792,,0.065234079957,0.065266892314,0.062900543213,0.069400787354,,-2.635961055756,2.635965824127,-2.645850181580,-2.629449844360,,-3.087823152542,3.087823152542,-3.088701248169,-3.086700439453,,-4.185622215271,4.185625553131,-4.193499565125,-4.177299976349,,-4.499010562897,4.499012470245,-4.504599571228,-4.492799758911,,0.000000000000,0.000000000000,0.000000000000,0.000000000000,,-4.099238872528,4.099238872528,-4.102250099182,-4.097149848938,,-4.795694351196,4.795694828033,-4.799850463867,-4.792949676514,
7.737,,,,,0.008762661448,,,,,0.000000000000,,,,,-0.325366926352,,,,,-2.017700631063,,,,,-0.759021839678,,,,,-1.024208906266,,,,,-1.666765538451,,,,,-2.365046907189,,,,,0.071100234985,,,,,-2.637749671936,,,,,-3.087700843811,,,,,-4.175699710846,,,,,-4.493599891663,,,,,0.000000000000,,,,,-4.097949981689,,,,,-4.793950080872
7.837,,,,,0.007678053783,,,,,0.000000000000,,,,,-0.325835705450,,,,,-2.017208063679,,,,,-0.758972608703,,,,,-1.023718385039,,,,,-1.669955182854,,,,,-2.364701570756,,,,,0.062299728394,,,,,-2.641550064087,,,,,-3.087500572205,,,,,-4.173699855804,,,,,-4.502199172974,,,,,0.000000000000,,,,,-4.096949577332,,,,,-4.793250083923
7.939,,,,,0.008577897333,,,,,0.000000000000,,,,,-0.324774864821,,,,,-2.017257367373,,,,,-0.758751538182,,,,,-1.023644818551,,,,,-1.668953754074,,,,,-2.363122621074,,,,,0.069601058960,,,,,-2.632949829102,,,,,-3.086601257324,,,,,-4.173399925232,,,,,-4.499499320984,,,,,0.000000000000,,,,,-4.097049713135,,,,,-4.790049552917
8.040,,,,,0.008688849829,,,,,0.000000000000,,,,,-0.324133513843,,,,,-2.017257367373,,,,,-0.758530233228,,,,,-1.022639097991,,,,,-1.665800898294,,,,,-2.362580151174,,,,,0.070501327515,,,,,-2.627750396729,,,,,-3.085700988770,,,,,-4.169299602509,,,,,-4.490999221802,,,,,0.000000000000,,,,,-4.097049713135,,,,,-4.788949966431
8.141,,,,,0.007764324050,,,,,0.000000000000,,,,,-0.326255077467,,,,,-2.015977349556,,,,,-0.758505617740,,,,,-1.023374996789,,,,,-1.669658751445,,,,,-2.363616160471,,,,,0.062999725342,,,,,-2.644949913025,,,,,-3.085600852966,,,,,-4.172299861908,,,,,-4.501399993896,,,,,0.000000000000,,,,,-4.094449996948,,,,,-4.791049957275
8.242,,,,,0.008405356799,,,,,0.000000000000,,,,,-0.324737927145,,,,,-2.016765269548,,,,,-0.758431771277,,,,,-1.023890079164,,,,,-1.667544466805,,,,,-2.363764363436,,,,,0.068201065063,,,,,-2.632650375366,,,,,-3.085300445557,,,,,-4.174399852753,,,,,-4.495699882507,,,,,0.000000000000,,,,,-4.096050262451,,,,,-4.791350364685
8.344,,,,,0.008516309295,,,,,0.000000000000,,,,,-0.325490326421,,,,,-2.017552719980,,,,,-0.758407390223,,,,,-1.022933480902,,,,,-1.665467324526,,,,,-2.362678953151,,,,,0.069101333618,,,,,-2.638750076294,,,,,-3.085201263428,,,,,-4.170499801636,,,,,-4.490099906921,,,,,0.000000000000,,,,,-4.097649574280,,,,,-4.789150238037
8.444,,,,,0.008023134852,,,,,0.000000000000,,,,,-0.324824271903,,,,,-2.016272702163,,,,,-0.758382774736,,,,,-1.024184345117,,,,,-1.669547324365,,,,,-2.362333616719,,,,,0.065099716187,,,,,-2.633350372314,,,,,-3.085101127625,,,,,-4.175599575043,,,,,-4.501099586487,,,,,0.000000000000,,,,,-4.095049858093,,,,,-4.788450241089
8.546,,,,,0.008109405119,,,,,0.000000000000,,,,,-0.325848057221,,,,,-2.015878742167,,,,,-0.758358159248,,,,,-1.025557898118,,,,,-1.666209110520,,,,,-2.363961496904,,,,,0.065799713135,,,,,-2.641650199890,,,,,-3.085000991821,,,,,-4.181199550629,,,,,-4.492099761963,,,,,0.000000000000,,,,,-4.094249725342,,,,,-4.791749954224
8.648,,,,,0.008294404302,,,,,0.000000000000,,,,,-0.324306203358,,,,,-2.016715965853,,,,,-0.758431771277,,,,,-1.025361759802,,,,,-1.665986610096,,,,,-2.362974888595,,,,,0.067300796509,,,,,-2.629150390625,,,,,-3.085300445557,,,,,-4.180399894714,,,,,-4.491499900818,,,,,0.000000000000,,,,,-4.095950126648,,,,,-4.789750099182
