"Time [s]","LVDT #1 (195620) (AVG) []","LVDT #1 (195620) (RMS) []","LVDT #1 (195620) (MIN) []","LVDT #1 (195620) (MAX) []","LVDT #1 (195620) []","LVDT # 2 (195619) (AVG) []","LVDT # 2 (195619) (RMS) []","LVDT # 2 (195619) (MIN) []","LVDT # 2 (195619) (MAX) []","LVDT # 2 (195619) []","LVDT #7 (198068) (AVG) []","LVDT #7 (198068) (RMS) []","LVDT #7 (198068) (MIN) []","LVDT #7 (198068) (MAX) []","LVDT #7 (198068) []","LVDT #3 (196487) (AVG) []","LVDT #3 (196487) (RMS) []","LVDT #3 (196487) (MIN) []","LVDT #3 (196487) (MAX) []","LVDT #3 (196487) []","LVDT #4 (196488) (AVG) []","LVDT #4 (196488) (RMS) []","LVDT #4 (196488) (MIN) []","LVDT #4 (196488) (MAX) []","LVDT #4 (196488) []","LVDT #5 (194513) (AVG) []","LVDT #5 (194513) (RMS) []","LVDT #5 (194513) (MIN) []","LVDT #5 (194513) (MAX) []","LVDT #5 (194513) []","LVDT #8 (198067) (AVG) []","LVDT #8 (198067) (RMS) []","LVDT #8 (198067) (MIN) []","LVDT #8 (198067) (MAX) []","LVDT #8 (198067) []","channel 1 (AVG) [mA]","channel 1 (RMS) [mA]","channel 1 (MIN) [mA]","channel 1 (MAX) [mA]","channel 1 [mA]","channel 2 (AVG) [mA]","channel 2 (RMS) [mA]","channel 2 (MIN) [mA]","channel 2 (MAX) [mA]","channel 2 [mA]","channel 3 (AVG) [mA]","channel 3 (RMS) [mA]","channel 3 (MIN) [mA]","channel 3 (MAX) [mA]","channel 3 [mA]","channel 4 (AVG) [mA]","channel 4 (RMS) [mA]","channel 4 (MIN) [mA]","channel 4 (MAX) [mA]","channel 4 [mA]","channel 5 (AVG) [mA]","channel 5 (RMS) [mA]","channel 5 (MIN) [mA]","channel 5 (MAX) [mA]","channel 5 [mA]","channel 6 (AVG) [mA]","channel 6 (RMS) [mA]","channel 6 (MIN) [mA]","channel 6 (MAX) [mA]","channel 6 [mA]","channel 7 (AVG) [mA]","channel 7 (RMS) [mA]","channel 7 (MIN) [mA]","channel 7 (MAX) [mA]","channel 7 [mA]","channel 8 (AVG) [mA]","channel 8 (RMS) [mA]","channel 8 (MIN) [mA]","channel 8 (MAX) [mA]","channel 8 [mA]"
0.027,,,,,0.000363592741,,,,,0.000049407082,,,,,0.000516984452,,,,,0.000282726457,,,,,-0.002415881369,,,,,0.000741785995,,,,,-0.000247004941,,,,,0.002950191498,,,,,0.000400543213,,,,,0.001150131226,,,,,-0.009849548340,,,,,0.001999855042,,,,,0.000000000000,,,,,0.001049995422,,,,,-0.000500679016
0.128,,,,,0.000092440824,,,,,-0.000530302679,,,,,-0.000172328151,,,,,0.000184264507,,,,,0.000552041056,,,,,-0.002076788543,,,,,0.000098331491,,,,,0.000750064850,,,,,-0.004299163818,,,,,0.000749588013,,,,,0.002250671387,,,,,-0.005599021912,,,,,0.000000000000,,,,,-0.000349998474,,,,,0.000199317932
0.229,,,,,-0.000092440824,,,,,0.000530302679,,,,,0.000467680758,,,,,0.000331957432,,,,,-0.002661258940,,,,,0.002707854930,,,,,-0.000295935444,,,,,-0.000750064850,,,,,0.004299163818,,,,,0.001350402832,,,,,-0.010849952698,,,,,0.007300376892,,,,,0.000000000000,,,,,0.000949859619,,,,,-0.000599861145
0.330,,,,,-0.000117123054,,,,,0.001060840630,,,,,-0.000073720762,,,,,0.000184264507,,,,,0.001361389385,,,,,-0.000037142360,,,,,0.000148202965,,,,,-0.000950336456,,,,,0.008600234985,,,,,0.000749588013,,,,,0.005550384521,,,,,-0.000100135803,,,,,0.000000000000,,,,,-0.000149726868,,,,,0.000300407410
0.430,,,,,-0.000129464168,,,,,-0.000555006220,,,,,0.000024417068,,,,,0.000184264507,,,,,-0.001434838915,,,,,-0.001780357134,,,,,0.000000470486,,,,,-0.001050472260,,,,,-0.004499435425,,,,,0.000749588013,,,,,-0.005849838257,,,,,-0.004799842834,,,,,0.000000000000,,,,,0.000049591064,,,,,0.000000953674
0.532,,,,,-0.000425180779,,,,,0.000592179167,,,,,0.000319769675,,,,,0.000159883452,,,,,0.001582205807,,,,,0.001409641006,,,,,-0.000542469900,,,,,-0.003449916840,,,,,0.004800796509,,,,,0.000650405884,,,,,0.006450653076,,,,,0.003800392151,,,,,0.000000000000,,,,,0.000649452209,,,,,-0.001099586487
0.633,,,,,-0.000338910512,,,,,-0.000579709761,,,,,0.000024417068,,,,,0.000159883452,,,,,-0.002146176564,,,,,-0.000816070715,,,,,0.000197133467,,,,,-0.002749919891,,,,,-0.004699707031,,,,,0.000650405884,,,,,-0.008749961853,,,,,-0.002200126648,,,,,0.000000000000,,,,,0.000049591064,,,,,0.000399589539
0.734,,,,,-0.000277322473,,,,,0.001122481846,,,,,0.000221631845,,,,,0.000209114427,,,,,-0.001361155469,,,,,-0.001668576317,,,,,-0.000493539397,,,,,-0.002250194550,,,,,0.009099960327,,,,,0.000850677490,,,,,-0.005549430847,,,,,-0.004498481750,,,,,0.000000000000,,,,,0.000450134277,,,,,-0.001000404358
0.834,,,,,-0.000363592741,,,,,-0.000443957922,,,,,0.000221631845,,,,,-0.000356338486,,,,,-0.000232980039,,,,,0.001224282941,,,,,-0.000295935444,,,,,-0.002950191498,,,,,-0.003599166870,,,,,-0.001449584961,,,,,-0.000949859619,,,,,0.003300666809,,,,,0.000000000000,,,,,0.000450134277,,,,,-0.000599861145
0.936,,,,,-0.000252640244,,,,,0.001147185387,,,,,0.000123024456,,,,,-0.000749717420,,,,,-0.001974482439,,,,,-0.002855716898,,,,,0.000148202965,,,,,-0.002049922943,,,,,0.009300231934,,,,,-0.003049850464,,,,,-0.008049964905,,,,,-0.007699012756,,,,,0.000000000000,,,,,0.000249862671,,,,,0.000300407410
1.036,,,,,-0.000129464168,,,,,-0.000259034272,,,,,0.000418377063,,,,,-0.000749717420,,,,,-0.002023604737,,,,,-0.002114284640,,,,,-0.000344865947,,,,,-0.001050472260,,,,,-0.002099990845,,,,,-0.003049850464,,,,,-0.008250236511,,,,,-0.005700111389,,,,,0.000000000000,,,,,0.000849723816,,,,,-0.000699043274
1.108,-0.000203369814,0.000251575818,-0.000425180779,0.000092440824,,0.000208497886,0.000743154989,-0.000579709761,0.001147185387,,0.000157490087,0.000254109779,-0.000172328151,0.000467680758,,-0.000044214104,0.000394720126,-0.000749717420,0.000331957432,,-0.000833886085,0.001682534465,-0.002661258940,0.001582205807,,-0.000600715773,0.001854129807,-0.002855716898,0.002707854930,,-0.000138040476,0.000304039795,-0.000542469900,0.000197133467,,-0.001650142716,0.002041286090,-0.003449916840,0.000750064850,,0.001690292382,0.006024757400,-0.004699707031,0.009300231934,,-0.000179862982,0.001605721423,-0.003049850464,0.001350402832,,-0.003399753477,0.006859693211,-0.010849952698,0.006450653076,,-0.001619529678,0.004998733755,-0.007699012756,0.007300376892,,0.000000000000,0.000000000000,0.000000000000,0.000000000000,,0.000319862360,0.000516096945,-0.000349998474,0.000949859619,,-0.000279808039,0.000616288686,-0.001099586487,0.000399589539,
1.138,,,,,-0.000018511672,,,,,-0.000036937676,,,,,-0.000024886627,,,,,-0.000921791399,,,,,-0.003740545988,,,,,0.001001428780,,,,,-0.000049400988,,,,,-0.000150203705,,,,,-0.000299453735,,,,,-0.003749847412,,,,,-0.015250205994,,,,,0.002699851990,,,,,0.000000000000,,,,,-0.000050544739,,,,,-0.000100135803
1.239,,,,,0.000141687748,,,,,-0.000555006220,,,,,0.000024417068,,,,,-0.000798948395,,,,,-0.003249790846,,,,,-0.000482143210,,,,,-0.000197133467,,,,,0.001149654388,,,,,-0.004499435425,,,,,-0.003250122070,,,,,-0.013249397278,,,,,-0.001299858093,,,,,0.000000000000,,,,,0.000049591064,,,,,-0.000399589539
1.340,,,,,0.000351251626,,,,,0.000320675489,,,,,-0.000123024456,,,,,-0.000872560424,,,,,-0.002734708470,,,,,-0.001335356285,,,,,-0.000197133467,,,,,0.002850055695,,,,,0.002599716187,,,,,-0.003549575806,,,,,-0.011149406433,,,,,-0.003600120544,,,,,0.000000000000,,,,,-0.000249862671,,,,,-0.000399589539
1.441,,,,,0.000462204122,,,,,0.000826509898,,,,,-0.000024886627,,,,,-0.000872560424,,,,,-0.001753666017,,,,,0.001149998221,,,,,-0.000295935444,,,,,0.003750324249,,,,,0.006700515747,,,,,-0.003549575806,,,,,-0.007149696350,,,,,0.003100395203,,,,,0.000000000000,,,,,-0.000050544739,,,,,-0.000599861145
1.542,,,,,0.000573039084,,,,,0.000567475626,,,,,0.000516984452,,,,,-0.000798948395,,,,,-0.004059373090,,,,,-0.001297860188,,,,,-0.000344865947,,,,,0.004649639130,,,,,0.004600524902,,,,,-0.003250122070,,,,,-0.016550064087,,,,,-0.003499031067,,,,,0.000000000000,,,,,0.001049995422,,,,,-0.000699043274
1.643,,,,,0.000819508771,,,,,0.000419489652,,,,,-0.000024886627,,,,,-0.000921791399,,,,,-0.002465003666,,,,,-0.000518931833,,,,,0.000049400988,,,,,0.006649494171,,,,,0.003400802612,,,,,-0.003749847412,,,,,-0.010049819946,,,,,-0.001399040222,,,,,0.000000000000,,,,,-0.000050544739,,,,,0.000100135803
1.744,,,,,0.000955143497,,,,,-0.000801806358,,,,,0.000516984452,,,,,-0.000823329449,,,,,-0.004279955597,,,,,0.000964640156,,,,,-0.000542469900,,,,,0.007750034332,,,,,-0.006500244141,,,,,-0.003349304199,,,,,-0.017449378967,,,,,0.002600669861,,,,,0.000000000000,,,,,0.001049995422,,,,,-0.001099586487
1.844,,,,,0.000979825726,,,,,0.000962026466,,,,,-0.000024886627,,,,,-0.000897410345,,,,,-0.000600929438,,,,,-0.002114284640,,,,,-0.000049400988,,,,,0.007950305939,,,,,0.007799148560,,,,,-0.003650665283,,,,,-0.002449989319,,,,,-0.005700111389,,,,,0.000000000000,,,,,-0.000050544739,,,,,-0.000100135803
1.946,,,,,0.001176930955,,,,,-0.000456427328,,,,,-0.000024886627,,,,,-0.000774098474,,,,,-0.003666862542,,,,,-0.002967497715,,,,,-0.000148202965,,,,,0.009549617767,,,,,-0.003700256348,,,,,-0.003149032593,,,,,-0.014949798584,,,,,-0.008000373840,,,,,0.000000000000,,,,,-0.000050544739,,,,,-0.000300407410
2.047,,,,,0.001300224566,,,,,0.001221060738,,,,,0.000123024456,,,,,-0.000921791399,,,,,-0.000306429569,,,,,0.000630712651,,,,,-0.000394737421,,,,,0.010550022125,,,,,0.009899139404,,,,,-0.003749847412,,,,,-0.001249313354,,,,,0.001700401306,,,,,0.000000000000,,,,,0.000249862671,,,,,-0.000800132751
2.108,0.000674130442,0.000794072089,-0.000018511672,0.001300224566,,0.000246706029,0.000697212408,-0.000801806358,0.001221060738,,0.000093395284,0.000238434225,-0.000123024456,0.000516984452,,-0.000860323010,0.000862026900,-0.000921791399,-0.000774098474,,-0.002685726522,0.002998007151,-0.004279955597,-0.000306429569,,-0.000496929406,0.001445658902,-0.002967497715,0.001149998221,,-0.000216987960,0.000276334984,-0.000542469900,0.000049400988,,0.005469894502,0.006443100981,-0.000150203705,0.010550022125,,0.002000045730,0.005652301013,-0.006500244141,0.009899139404,,-0.003499794053,0.003506725421,-0.003749847412,-0.003149032593,,-0.010949706659,0.012222874910,-0.017449378967,-0.001249313354,,-0.001339721726,0.003897496499,-0.008000373840,0.003100395203,,0.000000000000,0.000000000000,0.000000000000,0.000000000000,,0.000189685816,0.000484259916,-0.000249862671,0.001049995422,,-0.000439834606,0.000560131040,-0.001099586487,0.000100135803,
2.147,,,,,0.001226295413,,,,,-0.000209627190,,,,,-0.000024886627,,,,,-0.000995403429,,,,,-0.004304516745,,,,,-0.002707854930,,,,,0.000197133467,,,,,0.009950160980,,,,,-0.001699447632,,,,,-0.004049301147,,,,,-0.017549514771,,,,,-0.007300376892,,,,,0.000000000000,,,,,-0.000050544739,,,,,0.000399589539
2.250,,,,,0.001250860108,,,,,0.001134715981,,,,,0.000073720762,,,,,-0.000848179370,,,,,-0.002832953065,,,,,-0.002447504672,,,,,-0.000493539397,,,,,0.010149478912,,,,,0.009199142456,,,,,-0.003450393677,,,,,-0.011549949646,,,,,-0.006598472595,,,,,0.000000000000,,,,,0.000149726868,,,,,-0.001000404358
2.350,,,,,0.001324906795,,,,,-0.000616647436,,,,,-0.000270935539,,,,,-0.000995403429,,,,,-0.004525333168,,,,,0.000111427081,,,,,-0.000641271876,,,,,0.010750293732,,,,,-0.004999160767,,,,,-0.004049301147,,,,,-0.018449783325,,,,,0.000300407410,,,,,0.000000000000,,,,,-0.000550270081,,,,,-0.001299858093
2.450,,,,,-0.004184166727,,,,,-0.020414535694,,,,,-0.095347240604,,,,,-0.030666208783,,,,,-0.042347162999,,,,,-0.068508552868,,,,,-0.128219088840,,,,,-0.033950328827,,,,,-0.165500640869,,,,,-0.124750137329,,,,,-0.172649383545,,,,,-0.184699058533,,,,,0.000000000000,,,,,-0.193650245667,,,,,-0.259900093079
2.551,,,,,-0.009138595303,,,,,-0.039767995486,,,,,-0.214746701547,,,,,-0.063163809837,,,,,-0.086619920055,,,,,-0.146364599732,,,,,-0.297532742636,,,,,-0.074150562286,,,,,-0.322399139404,,,,,-0.256950378418,,,,,-0.353149414063,,,,,-0.394598960876,,,,,0.000000000000,,,,,-0.436150550842,,,,,-0.603098869324
2.653,,,,,-0.028746628191,,,,,-0.111594834780,,,,,-0.374126293458,,,,,-0.171324730857,,,,,-0.234228447134,,,,,-0.252262067370,,,,,-0.514356032580,,,,,-0.233250141144,,,,,-0.904699325562,,,,,-0.696949005127,,,,,-0.954949378967,,,,,-0.680098533630,,,,,0.000000000000,,,,,-0.759850502014,,,,,-1.042599678040
2.753,,,,,-0.042365106832,,,,,-0.160725237012,,,,,-0.848571987706,,,,,-0.244235336019,,,,,-0.337147379378,,,,,-0.575407676244,,,,,-1.137049373407,,,,,-0.343750476837,,,,,-1.302999496460,,,,,-0.993549346924,,,,,-1.374549865723,,,,,-1.551299095154,,,,,0.000000000000,,,,,-1.723449707031,,,,,-2.304799079895
2.854,,,,,-0.056377913466,,,,,-0.211631941475,,,,,-1.103914412062,,,,,-0.317023098176,,,,,-0.439060474103,,,,,-0.739131907681,,,,,-1.468031289957,,,,,-0.457450389862,,,,,-1.715700149536,,,,,-1.289649963379,,,,,-1.790049552917,,,,,-1.992699623108,,,,,0.000000000000,,,,,-2.242050170898,,,,,-2.975699424744
2.956,,,,,-0.083084790496,,,,,-0.307314637352,,,,,-1.356647027531,,,,,-0.389712398383,,,,,-0.538005880319,,,,,-0.904487926811,,,,,-1.801726496978,,,,,-0.674149990082,,,,,-2.491399765015,,,,,-1.585350036621,,,,,-2.193449974060,,,,,-2.438499450684,,,,,0.000000000000,,,,,-2.755350112915,,,,,-3.652099609375
3.056,,,,,-0.095101039869,,,,,-0.352004401646,,,,,-1.831683896552,,,,,-0.529510550560,,,,,-0.727606018530,,,,,-1.230155678814,,,,,-2.125160413007,,,,,-0.771649837494,,,,,-2.853699684143,,,,,-2.154048919678,,,,,-2.966449737549,,,,,-3.316499710083,,,,,0.000000000000,,,,,-3.720149993896,,,,,-4.307700157166
3.108,-0.031519617857,0.046746952025,-0.095101039869,0.001324906795,,-0.120314514209,0.174190536837,-0.352004401646,0.001134715981,,-0.582525966086,0.856121271007,-1.831683896552,0.000073720762,,-0.174847511884,0.250339103707,-0.529510550560,-0.000848179370,,-0.241667808550,0.344892677820,-0.727606018530,-0.002832953065,,-0.392136234204,0.574330643304,-1.230155678814,0.000111427081,,-0.747301311521,1.076106453210,-2.125160413007,0.000197133467,,-0.255750179291,0.379304766655,-0.771649837494,0.010750293732,,-0.975389778614,1.412162661552,-2.853699684143,0.009199142456,,-0.711279690266,1.018379449844,-2.154048919678,-0.003450393677,,-0.985279679298,1.406127452850,-2.966449737549,-0.011549949646,,-1.057199239731,1.548395395279,-3.316499710083,0.000300407410,,0.000000000000,0.000000000000,0.000000000000,0.000000000000,,-1.183110237122,1.738782286644,-3.720149993896,0.000149726868,,-1.514779806137,2.181267738342,-4.307700157166,0.000399589539,
3.156,,,,,-0.107289829776,,,,,-0.394325919814,,,,,-2.055859342694,,,,,-0.596398566442,,,,,-0.817843912745,,,,,-1.377818846207,,,,,-2.735076305839,,,,,-0.870549678802,,,,,-3.196800231934,,,,,-2.426149368286,,,,,-3.334349632263,,,,,-3.714599609375,,,,,0.000000000000,,,,,-4.175450325012,,,,,-5.543999671936
3.258,,,,,-0.118813139775,,,,,-0.437486064380,,,,,-2.271368608047,,,,,-0.659697409811,,,,,-0.905555517381,,,,,-1.521030943896,,,,,-3.019832070967,,,,,-0.964049816132,,,,,-3.546699523926,,,,,-2.683649063110,,,,,-3.691949844360,,,,,-4.100699424744,,,,,0.000000000000,,,,,-4.613149642944,,,,,-6.121199607849
3.359,,,,,-0.141280550130,,,,,-0.519403006155,,,,,-2.477326573908,,,,,-0.785631650551,,,,,-1.074969198355,,,,,-1.662944827660,,,,,-3.295116019943,,,,,-1.146350383759,,,,,-4.210800170898,,,,,-3.195949554443,,,,,-4.382649421692,,,,,-4.483299255371,,,,,0.000000000000,,,,,-5.031450271606,,,,,-6.679200172424
3.460,,,,,-0.154923593466,,,,,-0.571222447637,,,,,-2.969300905394,,,,,-0.861074134429,,,,,-1.178672917777,,,,,-1.986832222528,,,,,-3.932708228346,,,,,-1.257050037384,,,,,-4.630900382996,,,,,-3.502849578857,,,,,-4.805449485779,,,,,-5.356499671936,,,,,0.000000000000,,,,,-6.030650138855,,,,,-7.971599578857
3.560,,,,,-0.169380092550,,,,,-0.623436557595,,,,,-3.237838407035,,,,,-0.941039772746,,,,,-1.284608660827,,,,,-2.170474663686,,,,,-4.281203500967,,,,,-1.374350070953,,,,,-5.054200172424,,,,,-3.828149795532,,,,,-5.237349510193,,,,,-5.851599693298,,,,,0.000000000000,,,,,-6.576049804688,,,,,-8.677999496460
3.661,,,,,-0.192475959471,,,,,-0.710410784746,,,,,-3.474914047414,,,,,-1.012303250143,,,,,-1.384363415372,,,,,-2.328338184413,,,,,-4.592797176322,,,,,-1.561749935150,,,,,-5.759300231934,,,,,-4.118049621582,,,,,-5.644049644470,,,,,-6.277199745178,,,,,0.000099999997,,,,,-7.057550430298,,,,,-9.309599876404
3.763,,,,,-0.200178695483,,,,,-0.736129288316,,,,,-3.802978951376,,,,,-1.110287659757,,,,,-1.514704285342,,,,,-2.548961328116,,,,,-4.833398808619,,,,,-1.624249935150,,,,,-5.967800140381,,,,,-4.516650199890,,,,,-6.175449371338,,,,,-6.871999740601,,,,,0.000000000000,,,,,-7.723850250244,,,,,-9.797299385071
3.864,,,,,-0.207031069937,,,,,-0.759874214237,,,,,-3.918636261918,,,,,-1.144554997147,,,,,-1.564226110747,,,,,-2.627077017764,,,,,-5.145091050707,,,,,-1.679850101471,,,,,-6.160300254822,,,,,-4.656049728394,,,,,-6.377349853516,,,,,-7.082599639893,,,,,0.000000000000,,,,,-7.958750247955,,,,,-10.429099559784
3.965,,,,,-0.214253207689,,,,,-0.784630573706,,,,,-4.040300405888,,,,,-1.180248157347,,,,,-1.612055322134,,,,,-2.703412350278,,,,,-5.295411906456,,,,,-1.738450527191,,,,,-6.361000061035,,,,,-4.801249504089,,,,,-6.572349548340,,,,,-7.288399696350,,,,,0.000000000000,,,,,-8.205850124359,,,,,-10.733799934387
4.066,,,,,-0.227575852185,,,,,-0.828913317754,,,,,-4.157877977936,,,,,-1.244948442472,,,,,-1.699497105007,,,,,-2.781342681862,,,,,-5.436901747445,,,,,-1.846550464630,,,,,-6.720000267029,,,,,-5.064450263977,,,,,-6.928849697113,,,,,-7.498499870300,,,,,0.000000000000,,,,,-8.444650173187,,,,,-11.020599842072
4.108,-0.173320199046,0.177751054480,-0.227575852185,-0.107289829776,,-0.636583217434,0.652560783039,-0.828913317754,-0.394325919814,,-3.240640148161,3.321573854443,-4.157877977936,-2.055859342694,,-0.953618404085,0.977010673855,-1.244948442472,-0.596398566442,,-1.303649644569,1.335236111390,-1.699497105007,-0.817843912745,,-2.170823306641,2.224858863195,-2.781342681862,-1.377818846207,,-4.256753681561,4.356391796923,-5.436901747445,-2.735076305839,,-1.406320095062,1.442272067070,-1.846550464630,-0.870549678802,,-5.160779953003,5.290310382843,-6.720000267029,-3.196800231934,,-3.879319667816,3.974479436874,-5.064450263977,-2.426149368286,,-5.314979553223,5.443757534027,-6.928849697113,-3.334349632263,,-5.852539539337,5.998219490051,-7.498499870300,-3.714599609375,,0.000010000000,0.000031622774,0.000000000000,0.000099999997,,-6.581740379333,6.746116638184,-8.444650173187,-4.175450325012,,-8.628439903259,8.830406188965,-11.020599842072,-5.543999671936,
4.167,,,,,-0.232517939646,,,,,-0.844060705610,,,,,-4.339709533135,,,,,-1.268227660668,,,,,-1.729838076777,,,,,-2.895066575410,,,,,-5.661075433958,,,,,-1.886650562286,,,,,-6.842800140381,,,,,-5.159150123596,,,,,-7.052549839020,,,,,-7.805099487305,,,,,0.000000000000,,,,,-8.813950061798,,,,,-11.474999904633
4.268,,,,,-0.236178196678,,,,,-0.855655606643,,,,,-4.395494785055,,,,,-1.285287600117,,,,,-1.749852722931,,,,,-2.932010135594,,,,,-5.730044388924,,,,,-1.916349887848,,,,,-6.936800003052,,,,,-5.228549957275,,,,,-7.134149551392,,,,,-7.904699325562,,,,,0.000000000000,,,,,-8.927249908447,,,,,-11.614799976349
4.370,,,,,-0.236510936633,,,,,-0.860157885798,,,,,-4.409527320805,,,,,-1.289318913673,,,,,-1.759099761499,,,,,-2.943100844363,,,,,-5.747508579249,,,,,-1.919049739838,,,,,-6.973299980164,,,,,-5.244949340820,,,,,-7.171849727631,,,,,-7.934599876404,,,,,0.000000000000,,,,,-8.955749988556,,,,,-11.650199890137
4.470,,,,,-0.238864916077,,,,,-0.871333414814,,,,,-4.467085157927,,,,,-1.306477315072,,,,,-1.778697569873,,,,,-2.977521907682,,,,,-5.764084727998,,,,,-1.938149929047,,,,,-7.063899993896,,,,,-5.314749717712,,,,,-7.251749992371,,,,,-8.027399063110,,,,,0.000000000000,,,,,-9.072649955750,,,,,-11.683799743652
4.570,,,,,-0.243474263583,,,,,-0.887800677572,,,,,-4.542417681200,,,,,-1.330641518652,,,,,-1.814532636690,,,,,-3.030897248039,,,,,-5.922446888424,,,,,-1.975550174713,,,,,-7.197400093079,,,,,-5.413049697876,,,,,-7.397849559784,,,,,-8.171298980713,,,,,0.000000000000,,,,,-9.225650310516,,,,,-12.004799842834
4.672,,,,,-0.248453256853,,,,,-0.904465333386,,,,,-4.624101459422,,,,,-1.356305157072,,,,,-1.847596270271,,,,,-3.082418300278,,,,,-6.029254883219,,,,,-2.015949726105,,,,,-7.332500457764,,,,,-5.517449378967,,,,,-7.532649993896,,,,,-8.310199737549,,,,,0.000000000000,,,,,-9.391550064087,,,,,-12.221299648285
4.773,,,,,-0.256895519461,,,,,-0.931219974046,,,,,-4.692540621887,,,,,-1.394800731918,,,,,-1.901042382449,,,,,-3.129413644355,,,,,-6.113665410904,,,,,-2.084450244904,,,,,-7.549400329590,,,,,-5.674049377441,,,,,-7.750549793243,,,,,-8.436899185181,,,,,0.000000000000,,,,,-9.530550003052,,,,,-12.392399787903
4.873,,,,,-0.260099860462,,,,,-0.940890586875,,,,,-4.787715534340,,,,,-1.407927585328,,,,,-1.916862803111,,,,,-3.193063622766,,,,,-6.228564346607,,,,,-2.110450267792,,,,,-7.627799987793,,,,,-5.727449417114,,,,,-7.815049648285,,,,,-8.608499526978,,,,,0.000000000000,,,,,-9.723850250244,,,,,-12.625299930573
4.975,,,,,-0.262798920975,,,,,-0.950314517202,,,,,-4.830206866807,,,,,-1.420612063263,,,,,-1.933787071971,,,,,-3.220993970197,,,,,-6.278588963543,,,,,-2.132350444794,,,,,-7.704199790955,,,,,-5.779049873352,,,,,-7.884049892426,,,,,-8.683799743652,,,,,0.000000000000,,,,,-9.810150146484,,,,,-12.726699829102
5.076,,,,,-0.266804259077,,,,,-0.967090221314,,,,,-4.875603125989,,,,,-1.435140123996,,,,,-1.955077260448,,,,,-3.254896101683,,,,,-6.331425672925,,,,,-2.164849758148,,,,,-7.840200424194,,,,,-5.838150024414,,,,,-7.970849990845,,,,,-8.775199890137,,,,,0.000000000000,,,,,-9.902349948883,,,,,-12.833799839020
5.108,-0.248259806944,0.248544236073,-0.266804259077,-0.232517939646,,-0.901298892326,0.902260106449,-0.967090221314,-0.844060705610,,-4.596440208657,4.600137700984,-4.875603125989,-4.339709533135,,-1.349473866976,1.350750064134,-1.435140123996,-1.268227660668,,-1.838638655602,1.840349061651,-1.955077260448,-1.729838076777,,-3.065938235037,3.068407563435,-3.254896101683,-2.895066575410,,-5.980665929575,5.985370097014,-6.331425672925,-5.661075433958,,-2.014379978180,2.016687870026,-2.164849758148,-1.886650562286,,-7.306829929352,7.314622879028,-7.840200424194,-6.842800140381,,-5.489659786224,5.494851112366,-5.838150024414,-5.159150123596,,-7.496129989624,7.503103256226,-7.970849990845,-7.052549839020,,-8.265769958496,8.272426605225,-8.775199890137,-7.805099487305,,0.000000000000,0.000000000000,0.000000000000,0.000000000000,,-9.335370063782,9.342879295349,-9.902349948883,-8.813950061798,,-12.122809410095,12.132345199585,-12.833799839020,-11.474999904633,
5.177,,,,,-0.267445174291,,,,,-0.970198632581,,,,,-4.929025087493,,,,,-1.451118388593,,,,,-1.975337167215,,,,,-3.286869306593,,,,,-6.369116745033,,,,,-2.170050144196,,,,,-7.865400314331,,,,,-5.903149604797,,,,,-8.053449630737,,,,,-8.861399650574,,,,,0.000000000000,,,,,-10.010849952698,,,,,-12.910199642181
5.278,,,,,-0.268788475223,,,,,-0.975527303998,,,,,-4.954037555974,,,,,-1.459033791646,,,,,-1.986889795898,,,,,-3.307084301459,,,,,-6.423729537565,,,,,-2.180949687958,,,,,-7.908599853516,,,,,-5.935349464417,,,,,-8.100549697876,,,,,-8.915899276733,,,,,0.000000000000,,,,,-10.061650276184,,,,,-13.020899772644
5.379,,,,,-0.270341457567,,,,,-0.981781181843,,,,,-4.977769537080,,,,,-1.466531434711,,,,,-1.994518020851,,,,,-3.319436081793,,,,,-6.451948558279,,,,,-2.193550586700,,,,,-7.959300041199,,,,,-5.965849876404,,,,,-8.131649971008,,,,,-8.949199676514,,,,,0.000000000000,,,,,-10.109849929810,,,,,-13.078099727631
5.480,,,,,-0.271758687652,,,,,-0.983656062965,,,,,-4.987075491999,,,,,-1.469309233869,,,,,-2.000159365832,,,,,-3.325296438766,,,,,-6.462407453224,,,,,-2.205049991608,,,,,-7.974499702454,,,,,-5.977149963379,,,,,-8.154649734497,,,,,-8.964999198914,,,,,0.000000000000,,,,,-10.128750324249,,,,,-13.099299907684
5.581,,,,,-0.272374920637,,,,,-0.983162697961,,,,,-4.986336875701,,,,,-1.469407461386,,,,,-1.997829214568,,,,,-3.325704650992,,,,,-6.461963314815,,,,,-2.210050106049,,,,,-7.970499992371,,,,,-5.977549552917,,,,,-8.145149707794,,,,,-8.966099739075,,,,,0.000000000000,,,,,-10.127250194550,,,,,-13.098399639130
5.682,,,,,-0.272695319477,,,,,-0.982410298685,,,,,-4.986287572007,,,,,-1.469210771919,,,,,-2.000625442868,,,,,-3.325482150567,,,,,-6.461371443927,,,,,-2.212649822235,,,,,-7.964400291443,,,,,-5.976749420166,,,,,-8.156549930573,,,,,-8.965499877930,,,,,0.000000000000,,,,,-10.127150058746,,,,,-13.097199916840
5.784,,,,,-0.271610829347,,,,,-0.982212905630,,,,,-4.984859643107,,,,,-1.468670168926,,,,,-1.999129201081,,,,,-3.327967151336,,,,,-6.459940697209,,,,,-2.203850269318,,,,,-7.962800025940,,,,,-5.974550247192,,,,,-8.150449752808,,,,,-8.972199440002,,,,,0.000000000000,,,,,-10.124249935150,,,,,-13.094299793243
5.884,,,,,-0.271130113552,,,,,-0.982533581118,,,,,-4.982004020086,,,,,-1.467072272137,,,,,-1.998246169307,,,,,-3.322106440626,,,,,-6.458066047326,,,,,-2.199949741364,,,,,-7.965399742126,,,,,-5.968050003052,,,,,-8.146849632263,,,,,-8.956398963928,,,,,0.000000000000,,,,,-10.118450164795,,,,,-13.090499877930
5.984,,,,,-0.270994596361,,,,,-0.982619925876,,,,,-4.981856343783,,,,,-1.467023041162,,,,,-1.996946182794,,,,,-3.325445008207,,,,,-6.457868678616,,,,,-2.198850154877,,,,,-7.966099739075,,,,,-5.967849731445,,,,,-8.141549587250,,,,,-8.965399742126,,,,,0.000000000000,,,,,-10.118150234222,,,,,-13.090099811554
6.085,,,,,-0.271093207743,,,,,-0.981472858125,,,,,-4.981167031180,,,,,-1.467293577091,,,,,-1.994616031530,,,,,-3.321846797841,,,,,-6.456635300609,,,,,-2.199650287628,,,,,-7.956800460815,,,,,-5.968950271606,,,,,-8.132049560547,,,,,-8.955698966980,,,,,0.000000000000,,,,,-10.116750240326,,,,,-13.087599754333
6.108,-0.270823278185,0.270827596073,-0.272695319477,-0.267445174291,,-0.980557544878,0.980565992289,-0.983656062965,-0.970198632581,,-4.975041915841,4.975074014276,-4.987075491999,-4.929025087493,,-1.465467014144,1.465477635378,-1.469407461386,-1.451118388593,,-1.994429659194,1.994443376701,-2.000625442868,-1.975337167215,,-3.318723832818,3.318745529502,-3.327967151336,-3.286869306593,,-6.446304777660,6.446365243690,-6.462407453224,-6.369116745033,,-2.197460174561,2.197495222092,-2.212649822235,-2.170050144196,,-7.949379920959,7.949448585510,-7.974499702454,-7.865400314331,,-5.961519718170,5.961563110352,-5.977549552917,-5.903149604797,,-8.131289482117,8.131345748901,-8.156549930573,-8.053449630737,,-8.947278976440,8.947338104248,-8.972199440002,-8.861399650574,,0.000000000000,0.000000000000,0.000000000000,0.000000000000,,-10.104310035706,10.104374885559,-10.128750324249,-10.010849952698,,-13.066659927368,13.066781997681,-13.099299907684,-12.910199642181,
6.186,,,,,-0.271894322377,,,,,-0.981756478302,,,,,-4.980428414882,,,,,-1.466728124178,,,,,-1.996283967442,,,,,-3.321364654632,,,,,-6.455549890323,,,,,-2.206150531769,,,,,-7.959099769592,,,,,-5.966650009155,,,,,-8.138849735260,,,,,-8.954399108887,,,,,0.000000000000,,,,,-10.115250110626,,,,,-13.085399627686
6.287,,,,,-0.272473532019,,,,,-0.982249960941,,,,,-4.982693332689,,,,,-1.466826351695,,,,,-1.994174632600,,,,,-3.321958224922,,,,,-6.460532803340,,,,,-2.210850238800,,,,,-7.963100433350,,,,,-5.967049598694,,,,,-8.130249977112,,,,,-8.955999374390,,,,,0.000000000000,,,,,-10.119850158691,,,,,-13.095499992371
6.389,,,,,-0.272633731439,,,,,-0.983199753273,,,,,-4.985844543096,,,,,-1.467981873009,,,,,-1.999865099879,,,,,-3.324035367202,,,,,-6.463048725100,,,,,-2.212150096893,,,,,-7.970800399780,,,,,-5.971750259399,,,,,-8.153450012207,,,,,-8.961599349976,,,,,0.000000000000,,,,,-10.126250267029,,,,,-13.100599765778
6.490,,,,,-0.271573806003,,,,,-0.984556565850,,,,,-4.989044822419,,,,,-1.468965085910,,,,,-1.999276334058,,,,,-3.329747508471,,,,,-6.466748859121,,,,,-2.203549861908,,,,,-7.981800079346,,,,,-5.975749969482,,,,,-8.151049613953,,,,,-8.976999282837,,,,,0.000000000000,,,,,-10.132750034332,,,,,-13.108099937439
6.591,,,,,-0.271056184400,,,,,-0.983569718207,,,,,-4.991851376525,,,,,-1.469899067837,,,,,-2.002342384119,,,,,-3.328152509401,,,,,-6.470646126610,,,,,-2.199349880219,,,,,-7.973799705505,,,,,-5.979549407959,,,,,-8.163549900055,,,,,-8.972699165344,,,,,0.000000000000,,,,,-10.138450145721,,,,,-13.115999698639
6.692,,,,,-0.270994596361,,,,,-0.983471021679,,,,,-4.992097660217,,,,,-1.470046760762,,,,,-2.000600881719,,,,,-3.332047151175,,,,,-6.471139430765,,,,,-2.198850154877,,,,,-7.972999572754,,,,,-5.980150222778,,,,,-8.156449794769,,,,,-8.983199119568,,,,,0.000000000000,,,,,-10.138950347900,,,,,-13.116999626160
6.793,,,,,-0.271672417385,,,,,-0.984951234326,,,,,-4.992393012824,,,,,-1.470366293233,,,,,-1.999374461694,,,,,-3.328820364412,,,,,-6.470991463043,,,,,-2.204349994659,,,,,-7.984999656677,,,,,-5.981450080872,,,,,-8.151449680328,,,,,-8.974499702454,,,,,0.000000000000,,,,,-10.139550209045,,,,,-13.116699695587
6.893,,,,,-0.272485873133,,,,,-0.984852537798,,,,,-4.992983718038,,,,,-1.470562982700,,,,,-2.000625442868,,,,,-3.328820364412,,,,,-6.470843495320,,,,,-2.210950374603,,,,,-7.984199523926,,,,,-5.982250213623,,,,,-8.156549930573,,,,,-8.974499702454,,,,,0.000000000000,,,,,-10.140749931335,,,,,-13.116399765015
6.994,,,,,-0.272966471393,,,,,-0.984519510539,,,,,-4.993279305425,,,,,-1.470538367212,,,,,-1.999987671707,,,,,-3.329005722476,,,,,-6.471879504617,,,,,-2.214849948883,,,,,-7.981499671936,,,,,-5.982150077820,,,,,-8.153949737549,,,,,-8.974999427795,,,,,0.000000000000,,,,,-10.141350269318,,,,,-13.118499755859
7.095,,,,,-0.273139011927,,,,,-0.983680766505,,,,,-4.993328374340,,,,,-1.470882515171,,,,,-2.002931032983,,,,,-3.329153938180,,,,,-6.471435601451,,,,,-2.216249942780,,,,,-7.974699974060,,,,,-5.983550071716,,,,,-8.165949821472,,,,,-8.975399017334,,,,,0.000000000000,,,,,-10.141449928284,,,,,-13.117599964142
7.108,-0.272088994644,0.272089953130,-0.273139011927,-0.270994596361,,-0.983680754742,0.983681288220,-0.984951234326,-0.981756478302,,-4.989394456045,4.989396498425,-4.993328374340,-4.980428414882,,-1.469279742171,1.469280499873,-1.470882515171,-1.466728124178,,-1.999546190907,1.999547727447,-2.002931032983,-1.994174632600,,-3.327310580528,3.327312303266,-3.332047151175,-3.321364654632,,-6.467281589969,6.467283850809,-6.471879504617,-6.455549890323,,-2.207730054855,2.207737922668,-2.216249942780,-2.198850154877,,-7.974699974060,7.974704265594,-7.984999656677,-7.959099769592,,-5.977029800415,5.977033138275,-5.983550071716,-5.966650009155,,-8.152150154114,8.152155876160,-8.165949821472,-8.130249977112,,-8.970429420471,8.970434188843,-8.983199119568,-8.954399108887,,0.000000000000,0.000000000000,0.000000000000,0.000000000000,,-10.133460044861,10.133463859558,-10.141449928284,-10.115250110626,,-13.109179496765,13.109184265137,-13.118499755859,-13.085399627686,
7.196,,,,,-0.272128450950,,,,,-0.983890511332,,,,,-4.993180698036,,,,,-1.471005358176,,,,,-2.001066958755,,,,,-3.332863221890,,,,,-6.471139430765,,,,,-2.208050251007,,,,,-7.976400375366,,,,,-5.984049797058,,,,,-8.158349990845,,,,,-8.985399246216,,,,,0.000000000000,,,,,-10.141149997711,,,,,-13.116999626160
7.297,,,,,-0.271647735156,,,,,-0.984926648421,,,,,-4.992934649123,,,,,-1.471128201180,,,,,-2.002808344198,,,,,-3.329562150406,,,,,-6.471830103629,,,,,-2.204149723053,,,,,-7.984800338745,,,,,-5.984549522400,,,,,-8.165449619293,,,,,-8.976499557495,,,,,0.000000000000,,,,,-10.140650272369,,,,,-13.118399620056
7.397,,,,,-0.271684758499,,,,,-0.985123923840,,,,,-4.992934649123,,,,,-1.471029973663,,,,,-2.000748014696,,,,,-3.333011791331,,,,,-6.471682135907,,,,,-2.204450130463,,,,,-7.986399650574,,,,,-5.984149932861,,,,,-8.157049655914,,,,,-8.985799789429,,,,,0.000000000000,,,,,-10.140650272369,,,,,-13.118099689484
7.499,,,,,-0.271992816225,,,,,-0.984063200847,,,,,-4.993180698036,,,,,-1.471079204638,,,,,-2.001949873572,,,,,-3.329525008046,,,,,-6.471780937884,,,,,-2.206949710846,,,,,-7.977800369263,,,,,-5.984350204468,,,,,-8.161949634552,,,,,-8.976399421692,,,,,0.000000000000,,,,,-10.141149997711,,,,,-13.118299961090
7.600,,,,,-0.272843295317,,,,,-0.984679848283,,,,,-4.993574658032,,,,,-1.471202047642,,,,,-2.000551876380,,,,,-3.329525008046,,,,,-6.471386200463,,,,,-2.213850498199,,,,,-7.982799530029,,,,,-5.984849929810,,,,,-8.156250000000,,,,,-8.976399421692,,,,,0.000000000000,,,,,-10.141950130463,,,,,-13.117499828339
7.701,,,,,-0.273262305538,,,,,-0.985012993178,,,,,-4.993476285423,,,,,-1.471103585692,,,,,-2.002612205882,,,,,-3.329784650831,,,,,-6.471682135907,,,,,-2.217250347137,,,,,-7.985500335693,,,,,-5.984449386597,,,,,-8.164649963379,,,,,-8.977099418640,,,,,0.000000000000,,,,,-10.141750335693,,,,,-13.118099689484
7.802,,,,,-0.273311552462,,,,,-0.985913378427,,,,,-4.993623961726,,,,,-1.471349506134,,,,,-2.002366828310,,,,,-3.329599292766,,,,,-6.471287398487,,,,,-2.217649936676,,,,,-7.992799758911,,,,,-5.985449790955,,,,,-8.163649559021,,,,,-8.976599693298,,,,,0.000000000000,,,,,-10.142050266266,,,,,-13.117299556732
7.904,,,,,-0.272239403446,,,,,-0.985827033670,,,,,-4.993328374340,,,,,-1.471398737109,,,,,-2.000576320571,,,,,-3.333271434116,,,,,-6.471386200463,,,,,-2.208950519562,,,,,-7.992099761963,,,,,-5.985650062561,,,,,-8.156349658966,,,,,-8.986499786377,,,,,0.000000000000,,,,,-10.141449928284,,,,,-13.117499828339
8.004,,,,,-0.271758687652,,,,,-0.984938882555,,,,,-4.993426981728,,,,,-1.471398737109,,,,,-2.002293261822,,,,,-3.329970008895,,,,,-6.471632734919,,,,,-2.205049991608,,,,,-7.984899520874,,,,,-5.985650062561,,,,,-8.163349628448,,,,,-8.977599143982,,,,,0.000000000000,,,,,-10.141650199890,,,,,-13.117999553680
8.105,,,,,-0.271820275690,,,,,-0.984778544811,,,,,-4.993328374340,,,,,-1.471546195601,,,,,-2.000355621106,,,,,-3.333493934541,,,,,-6.471731536895,,,,,-2.205549716949,,,,,-7.983599662781,,,,,-5.986249923706,,,,,-8.155449867249,,,,,-8.987099647522,,,,,0.000000000000,,,,,-10.141449928284,,,,,-13.118199825287
8.108,-0.272268928093,0.272269605617,-0.273311552462,-0.271647735156,,-0.984915496536,0.984915685973,-0.985913378427,-0.983890511332,,-4.993298932991,4.993298938244,-4.993623961726,-4.992934649123,,-1.471224154695,1.471224165271,-1.471546195601,-1.471005358176,,-2.001532930529,2.001533138762,-2.002808344198,-2.000355621106,,-3.331060650087,3.331061097088,-3.333493934541,-3.329525008046,,-6.471553881532,6.471553885376,-6.471830103629,-6.471139430765,,-2.209190130234,2.209195613861,-2.217649936676,-2.204149723053,,-7.984709739685,7.984711647034,-7.992799758911,-7.976400375366,,-5.984940052032,5.984940052032,-5.986249923706,-5.984049797058,,-8.160249710083,8.160250663757,-8.165449619293,-8.155449867249,,-8.980539321899,8.980540275574,-8.987099647522,-8.976399421692,,0.000000000000,0.000000000000,0.000000000000,0.000000000000,,-10.141389846802,10.141389846802,-10.142050266266,-10.140650272369,,-13.117839813232,13.117839813232,-13.118399620056,-13.116999626160,
8.206,,,,,-0.272239403446,,,,,-0.986332750444,,,,,-4.993722334335,,,,,-1.471595426576,,,,,-2.004108330710,,,,,-3.330192509320,,,,,-6.471435601451,,,,,-2.208950519562,,,,,-7.996199607849,,,,,-5.986450195313,,,,,-8.170749664307,,,,,-8.978199005127,,,,,0.000000000000,,,,,-10.142250061035,,,,,-13.117599964142
8.307,,,,,-0.273126670813,,,,,-0.985790095995,,,,,-4.993919314333,,,,,-1.471767500556,,,,,-2.000502754082,,,,,-3.329858935551,,,,,-6.471386200463,,,,,-2.216149806976,,,,,-7.991800308228,,,,,-5.987150192261,,,,,-8.156049728394,,,,,-8.977299690247,,,,,0.000000000000,,,,,-10.142650127411,,,,,-13.117499828339
8.408,,,,,-0.273397822729,,,,,-0.985703751237,,,,,-4.993623961726,,,,,-1.471619807631,,,,,-2.004402713621,,,,,-3.330526436826,,,,,-6.471435601451,,,,,-2.218349933624,,,,,-7.991100311279,,,,,-5.986549377441,,,,,-8.171949863434,,,,,-8.979099273682,,,,,0.000000000000,,,,,-10.142050266266,,,,,-13.117599964142
8.509,,,,,-0.273521116340,,,,,-0.984605855296,,,,,-4.993771638030,,,,,-1.471718269581,,,,,-2.002097123506,,,,,-3.329970008895,,,,,-6.471386200463,,,,,-2.219350337982,,,,,-7.982199668884,,,,,-5.986949920654,,,,,-8.162549972534,,,,,-8.977599143982,,,,,0.000000000000,,,,,-10.142350196838,,,,,-13.117499828339
8.611,,,,,-0.272411943981,,,,,-0.984852537798,,,,,-4.993426981728,,,,,-1.471841112585,,,,,-2.000699009356,,,,,-3.333716434966,,,,,-6.471484767197,,,,,-2.210350513458,,,,,-7.984199523926,,,,,-5.987449645996,,,,,-8.156849861145,,,,,-8.987699508667,,,,,0.000000000000,,,,,-10.141650199890,,,,,-13.117699623108
8.711,,,,,-0.271894322377,,,,,-0.985654344155,,,,,-4.993722334335,,,,,-1.471742885068,,,,,-2.002170689994,,,,,-3.330081435976,,,,,-6.471632734919,,,,,-2.206150531769,,,,,-7.990699768066,,,,,-5.987050056458,,,,,-8.162849903107,,,,,-8.977899551392,,,,,0.000000000000,,,,,-10.142250061035,,,,,-13.117999553680
8.811,,,,,-0.272054521797,,,,,-0.986357453985,,,,,-4.993673030641,,,,,-1.472013186564,,,,,-2.000919708821,,,,,-3.333753577326,,,,,-6.471731536895,,,,,-2.207450389862,,,,,-7.996399879456,,,,,-5.988149642944,,,,,-8.157749652863,,,,,-8.987799644470,,,,,0.000000000000,,,,,-10.142149925232,,,,,-13.118199825287
8.913,,,,,-0.272547461171,,,,,-0.984877241339,,,,,-4.993968618028,,,,,-1.471939574535,,,,,-2.004844229508,,,,,-3.330711794890,,,,,-6.471731536895,,,,,-2.211450099945,,,,,-7.984399795532,,,,,-5.987850189209,,,,,-8.173749923706,,,,,-8.979598999023,,,,,0.000000000000,,,,,-10.142750263214,,,,,-13.118199825287
9.014,,,,,-0.273397822729,,,,,-0.985617406480,,,,,-4.994116294331,,,,,-1.472087033027,,,,,-2.001312219369,,,,,-3.329896077912,,,,,-6.471534168185,,,,,-2.218349933624,,,,,-7.990400314331,,,,,-5.988450050354,,,,,-8.159349918365,,,,,-8.977399826050,,,,,0.000000000000,,,,,-10.143050193787,,,,,-13.117799758911
9.108,-0.272732342820,0.272732995664,-0.273521116340,-0.271894322377,,-0.985532381859,0.985532561630,-0.986357453985,-0.984605855296,,-4.993771611943,4.993771615665,-4.994116294331,-4.993426981728,,-1.471813866236,1.471813875016,-1.472087033027,-1.471595426576,,-2.002339642108,2.002340276989,-2.004844229508,-2.000502754082,,-3.330967467962,3.330967807142,-3.333753577326,-3.329858935551,,-6.471528705324,6.471528706638,-6.471731536895,-6.471386200463,,-2.212950229645,2.212955474854,-2.219350337982,-2.206150531769,,-7.989710807800,7.989712715149,-7.996399879456,-7.982199668884,,-5.987339019775,5.987339019775,-5.988450050354,-5.986450195313,,-8.163538932800,8.163540840149,-8.173749923706,-8.156049728394,,-8.980288505554,8.980289459229,-8.987799644470,-8.977299690247,,0.000000000000,0.000000000000,0.000000000000,0.000000000000,,-10.142350196838,10.142350196838,-10.143050193787,-10.141650199890,,-13.117788314819,13.117788314819,-13.118199825287,-13.117499828339,
9.115,,,,,-0.273619727722,,,,,-0.985531061722,,,,,-4.993673030641,,,,,-1.472013186564,,,,,-2.004598968895,,,,,-3.331008580035,,,,,-6.471731536895,,,,,-2.220150470734,,,,,-7.989700317383,,,,,-5.988149642944,,,,,-8.172749996185,,,,,-8.980399131775,,,,,0.000000000000,,,,,-10.142149925232,,,,,-13.118199825287
9.216,,,,,-0.273632068836,,,,,-0.986789177772,,,,,-4.993771638030,,,,,-1.471988571077,,,,,-2.002072562357,,,,,-3.330155720697,,,,,-6.471632734919,,,,,-2.220250606537,,,,,-7.999899864197,,,,,-5.988049507141,,,,,-8.162449836731,,,,,-8.978099822998,,,,,0.000000000000,,,,,-10.142350196838,,,,,-13.117999553680
9.318,,,,,-0.272510437828,,,,,-0.986369805755,,,,,-4.993525354337,,,,,-1.472136029569,,,,,-2.001827301744,,,,,-3.333901793030,,,,,-6.471780937884,,,,,-2.211149692535,,,,,-7.996500015259,,,,,-5.988649368286,,,,,-8.161449909210,,,,,-8.988199234009,,,,,0.000000000000,,,,,-10.141849994659,,,,,-13.118299961090
9.418,,,,,-0.272054521797,,,,,-0.986098419713,,,,,-4.993919314333,,,,,-1.472087033027,,,,,-2.001998995869,,,,,-3.330192509320,,,,,-6.471830103629,,,,,-2.207450389862,,,,,-7.994299888611,,,,,-5.988450050354,,,,,-8.162149906158,,,,,-8.978199005127,,,,,0.000000000000,,,,,-10.142650127411,,,,,-13.118399620056
9.518,,,,,-0.272153133179,,,,,-0.985333668667,,,,,-4.993870010639,,,,,-1.472357334523,,,,,-2.002415950608,,,,,-3.334087151094,,,,,-6.471879504617,,,,,-2.208250522614,,,,,-7.988100051880,,,,,-5.989549636841,,,,,-8.163849830627,,,,,-8.988698959351,,,,,0.000000000000,,,,,-10.142549991608,,,,,-13.118499755859
9.619,,,,,-0.272707660591,,,,,-0.987048212044,,,,,-4.994116294331,,,,,-1.472357334523,,,,,-2.004108330710,,,,,-3.331379649901,,,,,-6.471830103629,,,,,-2.212749958038,,,,,-8.001999855042,,,,,-5.989549636841,,,,,-8.170749664307,,,,,-8.981399536133,,,,,0.000000000000,,,,,-10.143050193787,,,,,-13.118399620056
9.721,,,,,-0.273582704378,,,,,-0.986098419713,,,,,-4.994116294331,,,,,-1.472332719036,,,,,-2.003053721769,,,,,-3.330044293616,,,,,-6.471830103629,,,,,-2.219850063324,,,,,-7.994299888611,,,,,-5.989449501038,,,,,-8.166450023651,,,,,-8.977799415588,,,,,0.000000000000,,,,,-10.143050193787,,,,,-13.118399620056
9.823,,,,,-0.273841515180,,,,,-0.986591784716,,,,,-4.993968618028,,,,,-1.472381950011,,,,,-2.003740498269,,,,,-3.331639292686,,,,,-6.471632734919,,,,,-2.221950054169,,,,,-7.998299598694,,,,,-5.989649772644,,,,,-8.169250011444,,,,,-8.982099533081,,,,,0.000000000000,,,,,-10.142750263214,,,,,-13.117999553680
9.924,,,,,-0.273792268256,,,,,-0.985148627381,,,,,-4.993870010639,,,,,-1.472308103548,,,,,-2.001802740595,,,,,-3.330044293616,,,,,-6.471830103629,,,,,-2.221550464630,,,,,-7.986599922180,,,,,-5.989349365234,,,,,-8.161349773407,,,,,-8.977799415588,,,,,0.000000000000,,,,,-10.142549991608,,,,,-13.118399620056
10.026,,,,,-0.272670754782,,,,,-0.985765392454,,,,,-4.993722334335,,,,,-1.472332719036,,,,,-2.003764942460,,,,,-3.333901793030,,,,,-6.471435601451,,,,,-2.212450504303,,,,,-7.991600036621,,,,,-5.989449501038,,,,,-8.169349670410,,,,,-8.988199234009,,,,,0.000000000000,,,,,-10.142250061035,,,,,-13.117599964142
10.108,-0.273056479255,0.273057298078,-0.273841515180,-0.272054521797,,-0.986077456994,0.986077640127,-0.987048212044,-0.985148627381,,-4.993855289964,4.993855293172,-4.994116294331,-4.993525354337,,-1.472229498091,1.472229505471,-1.472381950011,-1.471988571077,,-2.002938401328,2.002938648351,-2.004598968895,-2.001802740595,,-3.331635507702,3.331635899058,-3.334087151094,-3.330044293616,,-6.471741346520,6.471741347828,-6.471879504617,-6.471435601451,,-2.215580224991,2.215586900711,-2.221950054169,-2.207450389862,,-7.994130134583,7.994131565094,-8.001999855042,-7.986599922180,,-5.989029407501,5.989029407501,-5.989649772644,-5.988049507141,,-8.165979385376,8.165981292725,-8.172749996185,-8.161349773407,,-8.982089042664,8.982089996338,-8.988698959351,-8.977799415588,,0.000000000000,0.000000000000,0.000000000000,0.000000000000,,-10.142519950867,10.142519950867,-10.143050193787,-10.141849994659,,-13.118219375610,13.118219375610,-13.118499755859,-13.117599964142,
10.126,,,,,-0.272165356759,,,,,-0.986110771483,,,,,-4.994017686942,,,,,-1.472455796473,,,,,-2.001704612958,,,,,-3.330044293616,,,,,-6.471830103629,,,,,-2.208349704742,,,,,-7.994400024414,,,,,-5.989950180054,,,,,-8.160949707031,,,,,-8.977799415588,,,,,0.000000000000,,,,,-10.142849922180,,,,,-13.118399620056
10.225,,,,,-0.272337897293,,,,,-0.987319598087,,,,,-4.993968618028,,,,,-1.472529408503,,,,,-2.004427274770,,,,,-3.333976077750,,,,,-6.471386200463,,,,,-2.209749698639,,,,,-8.004199981689,,,,,-5.990249633789,,,,,-8.172049999237,,,,,-8.988399505615,,,,,0.000000000000,,,,,-10.142750263214,,,,,-13.117499828339
10.328,,,,,-0.272966471393,,,,,-0.985494006411,,,,,-4.994214666940,,,,,-1.472652251507,,,,,-2.003053721769,,,,,-3.331713577406,,,,,-6.471731536895,,,,,-2.214849948883,,,,,-7.989399909973,,,,,-5.990749359131,,,,,-8.166450023651,,,,,-8.982299804688,,,,,0.000000000000,,,,,-10.143249988556,,,,,-13.118199825287
10.429,,,,,-0.273767586027,,,,,-0.986604136487,,,,,-4.994066990637,,,,,-1.472529408503,,,,,-2.005114051271,,,,,-3.330007151256,,,,,-6.471978071351,,,,,-2.221350193024,,,,,-7.998399734497,,,,,-5.990249633789,,,,,-8.174849987030,,,,,-8.977699279785,,,,,0.000000000000,,,,,-10.142950057983,,,,,-13.118699550629
10.529,,,,,-0.274001714600,,,,,-0.985827033670,,,,,-4.994214666940,,,,,-1.472775328945,,,,,-2.002980038323,,,,,-3.332232862976,,,,,-6.471731536895,,,,,-2.223249912262,,,,,-7.992099761963,,,,,-5.991250038147,,,,,-8.166149616241,,,,,-8.983699798584,,,,,0.000000000000,,,,,-10.143249988556,,,,,-13.118199825287
10.631,,,,,-0.273878538523,,,,,-0.987455232290,,,,,-4.993968618028,,,,,-1.472701482482,,,,,-2.001753735256,,,,,-3.330118578336,,,,,-6.471928905606,,,,,-2.222250461578,,,,,-8.005299568176,,,,,-5.990949630737,,,,,-8.161149978638,,,,,-8.977999687195,,,,,0.000000000000,,,,,-10.142750263214,,,,,-13.118599891663
10.732,,,,,-0.272793930859,,,,,-0.986628840028,,,,,-4.993968618028,,,,,-1.472652251507,,,,,-2.005506444860,,,,,-3.333938935390,,,,,-6.471435601451,,,,,-2.213449954987,,,,,-7.998600006104,,,,,-5.990749359131,,,,,-8.176449775696,,,,,-8.988299369812,,,,,0.000000000000,,,,,-10.142750263214,,,,,-13.117599964142
10.833,,,,,-0.272374920637,,,,,-0.987023508503,,,,,-4.994214666940,,,,,-1.472775328945,,,,,-2.001753735256,,,,,-3.330081435976,,,,,-6.471830103629,,,,,-2.210050106049,,,,,-8.001799583435,,,,,-5.991250038147,,,,,-8.161149978638,,,,,-8.977899551392,,,,,0.000000000000,,,,,-10.143249988556,,,,,-13.118399620056
10.934,,,,,-0.272485873133,,,,,-0.985580351168,,,,,-4.994165598026,,,,,-1.472701482482,,,,,-2.005727144325,,,,,-3.333976077750,,,,,-6.471386200463,,,,,-2.210950374603,,,,,-7.990099906921,,,,,-5.990949630737,,,,,-8.177349567413,,,,,-8.988399505615,,,,,0.000000000000,,,,,-10.143150329590,,,,,-13.117499828339
11.035,,,,,-0.273077423889,,,,,-0.987405942844,,,,,-4.994362343244,,,,,-1.472824325487,,,,,-2.002563083584,,,,,-3.332640721465,,,,,-6.471879504617,,,,,-2.215750217438,,,,,-8.004899978638,,,,,-5.991449356079,,,,,-8.164449691772,,,,,-8.984799385071,,,,,0.000000000000,,,,,-10.143549919128,,,,,-13.118499755859
11.108,-0.272984971311,0.272985740919,-0.274001714600,-0.272165356759,,-0.986544942097,0.986545203028,-0.987455232290,-0.985494006411,,-4.994116247375,4.994116249073,-4.994362343244,-4.993968618028,,-1.472659706483,1.472659710998,-1.472824325487,-1.472455796473,,-2.003458384237,2.003458960823,-2.005727144325,-2.001704612958,,-3.331872971192,3.331873375943,-3.333976077750,-3.330007151256,,-6.471711776500,6.471711780079,-6.471978071351,-6.471386200463,,-2.215000152588,2.215006351471,-2.223249912262,-2.208349704742,,-7.997920036316,7.997921943665,-8.005299568176,-7.989399909973,,-5.990779876709,5.990779876709,-5.991449356079,-5.989950180054,,-8.168099403381,8.168102264404,-8.177349567413,-8.160949707031,,-8.982729911804,8.982730865479,-8.988399505615,-8.977699279785,,0.000000000000,0.000000000000,0.000000000000,0.000000000000,,-10.143050193787,10.143050193787,-10.143549919128,-10.142750263214,,-13.118160247803,13.118160247803,-13.118699550629,-13.117499828339,
11.135,,,,,-0.274026396829,,,,,-0.986123123254,,,,,-4.994066990637,,,,,-1.472824325487,,,,,-2.005996966087,,,,,-3.330229651680,,,,,-6.472224841050,,,,,-2.223450183868,,,,,-7.994500160217,,,,,-5.991449356079,,,,,-8.178449630737,,,,,-8.978299140930,,,,,0.000000000000,,,,,-10.142950057983,,,,,-13.119199752808
11.236,,,,,-0.274014055714,,,,,-0.987307246316,,,,,-4.994411646938,,,,,-1.472972018412,,,,,-2.002734777709,,,,,-3.333085722315,,,,,-6.471830103629,,,,,-2.223350048065,,,,,-8.004099845886,,,,,-5.992050170898,,,,,-8.165149688721,,,,,-8.985999107361,,,,,0.000000000000,,,,,-10.143650054932,,,,,-13.118399620056
11.337,,,,,-0.273853856294,,,,,-0.985567999398,,,,,-4.994017686942,,,,,-1.472996399466,,,,,-2.002366828310,,,,,-3.330303936401,,,,,-6.472323407783,,,,,-2.222050189972,,,,,-7.989999771118,,,,,-5.992149353027,,,,,-8.163649559021,,,,,-8.978499412537,,,,,0.000000000000,,,,,-10.142849922180,,,,,-13.119399547577
11.439,,,,,-0.272880201126,,,,,-0.986715184785,,,,,-4.994411646938,,,,,-1.472873556462,,,,,-2.005825271962,,,,,-3.333976077750,,,,,-6.471583569173,,,,,-2.214149951935,,,,,-7.999300003052,,,,,-5.991649627686,,,,,-8.177749633789,,,,,-8.988399505615,,,,,0.000000000000,,,,,-10.143650054932,,,,,-13.117899894714
11.539,,,,,-0.272448849790,,,,,-0.986160060929,,,,,-4.994214666940,,,,,-1.473119476904,,,,,-2.002832905346,,,,,-3.330192509320,,,,,-6.471879504617,,,,,-2.210649967194,,,,,-7.994799613953,,,,,-5.992650032043,,,,,-8.165549755096,,,,,-8.978199005127,,,,,0.000000000000,,,,,-10.143249988556,,,,,-13.118499755859
11.639,,,,,-0.272609049210,,,,,-0.987800611320,,,,,-4.994460950633,,,,,-1.472996399466,,,,,-2.005604572497,,,,,-3.334013220111,,,,,-6.471435601451,,,,,-2.211949825287,,,,,-8.008099555969,,,,,-5.992149353027,,,,,-8.176849842072,,,,,-8.988499641418,,,,,0.000000000000,,,,,-10.143750190735,,,,,-13.117599964142
11.741,,,,,-0.273311552462,,,,,-0.986036778496,,,,,-4.994608626936,,,,,-1.473070245928,,,,,-2.002464955947,,,,,-3.333160007035,,,,,-6.471928905606,,,,,-2.217649936676,,,,,-7.993800163269,,,,,-5.992449760437,,,,,-8.164049625397,,,,,-8.986199378967,,,,,0.000000000000,,,,,-10.144050121307,,,,,-13.118599891663
11.841,,,,,-0.274260525401,,,,,-0.987381239303,,,,,-4.994066990637,,,,,-1.473094861416,,,,,-2.005334750735,,,,,-3.330192509320,,,,,-6.472126274316,,,,,-2.225349903107,,,,,-8.004699707031,,,,,-5.992549896240,,,,,-8.175749778748,,,,,-8.978199005127,,,,,0.000000000000,,,,,-10.142950057983,,,,,-13.118999958038
11.943,,,,,-0.274186596249,,,,,-0.986123123254,,,,,-4.994608626936,,,,,-1.473168473445,,,,,-2.002685772370,,,,,-3.333531076901,,,,,-6.471928905606,,,,,-2.224750041962,,,,,-7.994500160217,,,,,-5.992849349976,,,,,-8.164949893951,,,,,-8.987199783325,,,,,0.000000000000,,,,,-10.144050121307,,,,,-13.118599891663
12.044,,,,,-0.273952467676,,,,,-0.987924011389,,,,,-4.994214666940,,,,,-1.473291550883,,,,,-2.003912192394,,,,,-3.330378221121,,,,,-6.472274242038,,,,,-2.222850322723,,,,,-8.009099960327,,,,,-5.993350028992,,,,,-8.169950008392,,,,,-8.978699684143,,,,,0.000000000000,,,,,-10.143249988556,,,,,-13.119299888611
12.108,-0.273554355075,0.273555124561,-0.274260525401,-0.272448849790,,-0.986713937844,0.986714252985,-0.987924011389,-0.985567999398,,-4.994308250048,4.994308254488,-4.994608626936,-4.994017686942,,-1.473040730787,1.473040736647,-1.473291550883,-1.472824325487,,-2.003975899336,2.003976433057,-2.005996966087,-2.002366828310,,-3.331906293196,3.331906712080,-3.334013220111,-3.330192509320,,-6.471953535527,6.471953541477,-6.472323407783,-6.471435601451,,-2.219619989395,2.219626188278,-2.225349903107,-2.210649967194,,-7.999289989471,7.999292373657,-8.009099960327,-7.989999771118,,-5.992329597473,5.992329597473,-5.993350028992,-5.991449356079,,-8.170209884644,8.170211791992,-8.178449630737,-8.163649559021,,-8.982819557190,8.982820510864,-8.988499641418,-8.978199005127,,0.000000000000,0.000000000000,0.000000000000,0.000000000000,,-10.143440246582,10.143440246582,-10.144050121307,-10.142849922180,,-13.118649482727,13.118649482727,-13.119399547577,-13.117599964142,
12.145,,,,,-0.273003494737,,,,,-0.986739888326,,,,,-4.994608626936,,,,,-1.473193088933,,,,,-2.004819668360,,,,,-3.333864650670,,,,,-6.471583569173,,,,,-2.215150356293,,,,,-7.999500274658,,,,,-5.992949485779,,,,,-8.173649787903,,,,,-8.988099098206,,,,,0.000000000000,,,,,-10.144050121307,,,,,-13.117899894714
12.246,,,,,-0.272584484515,,,,,-0.987825314861,,,,,-4.994313274329,,,,,-1.473389778400,,,,,-2.004525285449,,,,,-3.330303936401,,,,,-6.471978071351,,,,,-2.211750507355,,,,,-8.008299827576,,,,,-5.993749618530,,,,,-8.172449588776,,,,,-8.978499412537,,,,,0.000000000000,,,,,-10.143450260162,,,,,-13.118699550629
12.347,,,,,-0.272757025049,,,,,-0.985975137280,,,,,-4.994706999545,,,,,-1.473266935395,,,,,-2.004304585984,,,,,-3.333790719686,,,,,-6.471583569173,,,,,-2.213150501251,,,,,-7.993300437927,,,,,-5.993249893188,,,,,-8.171549797058,,,,,-8.987899780273,,,,,0.000000000000,,,,,-10.144249916077,,,,,-13.117899894714
12.448,,,,,-0.273373140500,,,,,-0.987467584061,,,,,-4.994706999545,,,,,-1.473242319908,,,,,-2.002808344198,,,,,-3.333938935390,,,,,-6.471879504617,,,,,-2.218149662018,,,,,-8.005399703979,,,,,-5.993149757385,,,,,-8.165449619293,,,,,-8.988299369812,,,,,0.000000000000,,,,,-10.144249916077,,,,,-13.118499755859
12.549,,,,,-0.274408501241,,,,,-0.986123123254,,,,,-4.994263970635,,,,,-1.473414393887,,,,,-2.003887631246,,,,,-3.330341078761,,,,,-6.472126274316,,,,,-2.226550579071,,,,,-7.994500160217,,,,,-5.993849754333,,,,,-8.169849872589,,,,,-8.978599548340,,,,,0.000000000000,,,,,-10.143350124359,,,,,-13.118999958038
12.650,,,,,-0.274260525401,,,,,-0.987812963090,,,,,-4.994706999545,,,,,-1.473365162912,,,,,-2.002955594132,,,,,-3.334198578175,,,,,-6.471830103629,,,,,-2.225349903107,,,,,-8.008199691772,,,,,-5.993649482727,,,,,-8.166049957275,,,,,-8.988999366760,,,,,0.000000000000,,,,,-10.144249916077,,,,,-13.118399620056
12.751,,,,,-0.273940126562,,,,,-0.986357453985,,,,,-4.994411646938,,,,,-1.473512621404,,,,,-2.005653577837,,,,,-3.330563579186,,,,,-6.472126274316,,,,,-2.222750186920,,,,,-7.996399879456,,,,,-5.994249343872,,,,,-8.177049636841,,,,,-8.979199409485,,,,,0.000000000000,,,,,-10.143650054932,,,,,-13.118999958038
12.853,,,,,-0.273200599966,,,,,-0.987664977116,,,,,-4.994903979543,,,,,-1.473488240350,,,,,-2.003446115359,,,,,-3.333493934541,,,,,-6.471632734919,,,,,-2.216749668121,,,,,-8.006999969482,,,,,-5.994150161743,,,,,-8.168049812317,,,,,-8.987099647522,,,,,0.000000000000,,,,,-10.144649982452,,,,,-13.117999553680
12.953,,,,,-0.272744683935,,,,,-0.986209468011,,,,,-4.994411646938,,,,,-1.473561852379,,,,,-2.006217782510,,,,,-3.330600721546,,,,,-6.472076873328,,,,,-2.213050365448,,,,,-7.995200157166,,,,,-5.994449615479,,,,,-8.179349899292,,,,,-8.979299545288,,,,,0.000000000000,,,,,-10.143650054932,,,,,-13.118899822235
13.054,,,,,-0.272855518897,,,,,-0.988096700903,,,,,-4.994903979543,,,,,-1.473537236892,,,,,-2.003151732448,,,,,-3.333419649820,,,,,-6.471632734919,,,,,-2.213949680328,,,,,-8.010499954224,,,,,-5.994349479675,,,,,-8.166849613190,,,,,-8.986899375916,,,,,0.000000000000,,,,,-10.144649982452,,,,,-13.117999553680
13.108,-0.273312810080,0.273313537336,-0.274408501241,-0.272584484515,,-0.987027261089,0.987027571259,-0.988096700903,-0.985975137280,,-4.994593812350,4.994593817204,-4.994903979543,-4.994263970635,,-1.473397163046,1.473397168215,-1.473561852379,-1.473193088933,,-2.004177031752,2.004177329376,-2.006217782510,-2.002808344198,,-3.332451578418,3.332451985547,-3.334198578175,-3.330303936401,,-6.471844970974,6.471844974512,-6.472126274316,-6.471583569173,,-2.217660188675,2.217666149139,-2.226550579071,-2.211750507355,,-8.001830101013,8.001832962036,-8.010499954224,-7.993300437927,,-5.993779659271,5.993779659271,-5.994449615479,-5.992949485779,,-8.171030044556,8.171030998230,-8.179349899292,-8.165449619293,,-8.984289169312,8.984290122986,-8.988999366760,-8.978499412537,,0.000000000000,0.000000000000,0.000000000000,0.000000000000,,-10.144020080566,10.144020080566,-10.144649982452,-10.143350124359,,-13.118430137634,13.118430137634,-13.118999958038,-13.117899894714,
13.155,,,,,-0.273533457454,,,,,-0.986949515516,,,,,-4.994608626936,,,,,-1.473488240350,,,,,-2.003274421233,,,,,-3.334495363320,,,,,-6.472076873328,,,,,-2.219450473785,,,,,-8.001199722290,,,,,-5.994150161743,,,,,-8.167349815369,,,,,-8.989799499512,,,,,0.000000000000,,,,,-10.144050121307,,,,,-13.118899822235
13.256,,,,,-0.274506995089,,,,,-0.988269390418,,,,,-4.994362343244,,,,,-1.473635698842,,,,,-2.002808344198,,,,,-3.330526436826,,,,,-6.472175440061,,,,,-2.227349758148,,,,,-8.011899948120,,,,,-5.994750022888,,,,,-8.165449619293,,,,,-8.979099273682,,,,,0.000000000000,,,,,-10.143549919128,,,,,-13.119099617004
13.357,,,,,-0.274334454554,,,,,-0.986542495270,,,,,-4.994657930631,,,,,-1.473537236892,,,,,-2.003323426573,,,,,-3.334606436664,,,,,-6.472126274316,,,,,-2.225949764252,,,,,-7.997900009155,,,,,-5.994349479675,,,,,-8.167549610138,,,,,-8.990098953247,,,,,0.000000000000,,,,,-10.144150257111,,,,,-13.118999958038
13.458,,,,,-0.274038737943,,,,,-0.987924011389,,,,,-4.994510254327,,,,,-1.473635698842,,,,,-2.006634737248,,,,,-3.330823221971,,,,,-6.472076873328,,,,,-2.223550319672,,,,,-8.009099960327,,,,,-5.994750022888,,,,,-8.181049823761,,,,,-8.979899406433,,,,,0.000000000000,,,,,-10.143850326538,,,,,-13.118899822235
13.560,,,,,-0.273348575805,,,,,-0.986653543569,,,,,-4.995002586932,,,,,-1.473733926359,,,,,-2.002685772370,,,,,-3.333048579955,,,,,-6.471632734919,,,,,-2.217950344086,,,,,-7.998800277710,,,,,-5.995149612427,,,,,-8.164949893951,,,,,-8.985898971558,,,,,0.000000000000,,,,,-10.144850254059,,,,,-13.117999553680
13.660,,,,,-0.272991153622,,,,,-0.988368086946,,,,,-4.994559323242,,,,,-1.473709310871,,,,,-2.006708303736,,,,,-3.331082864756,,,,,-6.472175440061,,,,,-2.215050220490,,,,,-8.012700080872,,,,,-5.995049476624,,,,,-8.181349754333,,,,,-8.980599403381,,,,,0.000000000000,,,,,-10.143949985504,,,,,-13.119099617004
13.761,,,,,-0.273052741660,,,,,-0.986727536555,,,,,-4.995002586932,,,,,-1.473832388309,,,,,-2.002759338858,,,,,-3.333011791331,,,,,-6.471682135907,,,,,-2.215549945831,,,,,-7.999400138855,,,,,-5.995550155640,,,,,-8.165249824524,,,,,-8.985799789429,,,,,0.000000000000,,,,,-10.144850254059,,,,,-13.118099689484
13.862,,,,,-0.273644292416,,,,,-0.987344301628,,,,,-4.994608626936,,,,,-1.473684695384,,,,,-2.003887631246,,,,,-3.335237149315,,,,,-6.472224841050,,,,,-2.220349788666,,,,,-8.004400253296,,,,,-5.994949340820,,,,,-8.169849872589,,,,,-8.991799354553,,,,,0.000000000000,,,,,-10.144050121307,,,,,-13.119199752808
13.963,,,,,-0.274753582310,,,,,-0.986357453985,,,,,-4.994706999545,,,,,-1.473906000338,,,,,-2.002759338858,,,,,-3.331231080460,,,,,-6.472224841050,,,,,-2.229350566864,,,,,-7.996399879456,,,,,-5.995849609375,,,,,-8.165249824524,,,,,-8.980998992920,,,,,0.000000000000,,,,,-10.144249916077,,,,,-13.119199752808
14.063,,,,,-0.274605606470,,,,,-0.987998004375,,,,,-4.994706999545,,,,,-1.473807772821,,,,,-2.004132891859,,,,,-3.335274291675,,,,,-6.472027472339,,,,,-2.228149890900,,,,,-8.009699821472,,,,,-5.995450019836,,,,,-8.170849800110,,,,,-8.991899490356,,,,,0.000000000000,,,,,-10.144249916077,,,,,-13.118799686432
14.108,-0.273880959732,0.273881662036,-0.274753582310,-0.272991153622,,-0.987313433965,0.987313701760,-0.988368086946,-0.986357453985,,-4.994672627827,4.994672631471,-4.995002586932,-4.994362343244,,-1.473697096901,1.473697102077,-1.473906000338,-1.473488240350,,-2.003897420618,2.003897954870,-2.006708303736,-2.002685772370,,-3.332933721627,3.332934210895,-3.335274291675,-3.330526436826,,-6.472042292636,6.472042295797,-6.472224841050,-6.471632734919,,-2.222270011902,2.222275733948,-2.229350566864,-2.215050220490,,-8.004150390625,8.004152297974,-8.012700080872,-7.996399879456,,-5.994999885559,5.994999885559,-5.995849609375,-5.994150161743,,-8.169889450073,8.169892311096,-8.181349754333,-8.164949893951,,-8.985589027405,8.985590934753,-8.991899490356,-8.979099273682,,0.000000000000,0.000000000000,0.000000000000,0.000000000000,,-10.144180297852,10.144180297852,-10.144850254059,-10.143549919128,,-13.118829727173,13.118829727173,-13.119199752808,-13.117999553680,
14.164,,,,,-0.274186596249,,,,,-0.987282542775,,,,,-4.994854910628,,,,,-1.473807772821,,,,,-2.006242226701,,,,,-3.331602150326,,,,,-6.472175440061,,,,,-2.224750041962,,,,,-8.003899574280,,,,,-5.995450019836,,,,,-8.179449558258,,,,,-8.981999397278,,,,,0.000000000000,,,,,-10.144550323486,,,,,-13.119099617004
14.265,,,,,-0.273410163844,,,,,-0.988318679864,,,,,-4.995199566930,,,,,-1.473955231313,,,,,-2.003004599471,,,,,-3.332603579105,,,,,-6.471780937884,,,,,-2.218450069427,,,,,-8.012299537659,,,,,-5.996049880981,,,,,-8.166249752045,,,,,-8.984699249268,,,,,0.000000000000,,,,,-10.145250320435,,,,,-13.118299961090
14.366,,,,,-0.273065082775,,,,,-0.986591784716,,,,,-4.994903979543,,,,,-1.473856769363,,,,,-2.005825271962,,,,,-3.331602150326,,,,,-6.472175440061,,,,,-2.215650081635,,,,,-7.998299598694,,,,,-5.995649337769,,,,,-8.177749633789,,,,,-8.981999397278,,,,,0.000000000000,,,,,-10.144649982452,,,,,-13.119099617004
14.466,,,,,-0.273114329698,,,,,-0.987911659618,,,,,-4.995248635845,,,,,-1.474053458830,,,,,-2.003127288257,,,,,-3.332529294385,,,,,-6.471731536895,,,,,-2.216049671173,,,,,-8.008999824524,,,,,-5.996449470520,,,,,-8.166749954224,,,,,-8.984498977661,,,,,0.000000000000,,,,,-10.145349979401,,,,,-13.118199825287
14.568,,,,,-0.273742903798,,,,,-0.988158342120,,,,,-4.996479584747,,,,,-1.474028843342,,,,,-2.005089490122,,,,,-3.336090362390,,,,,-6.474247458655,,,,,-2.221149921417,,,,,-8.010999679565,,,,,-5.996349334717,,,,,-8.174749851227,,,,,-8.994099617004,,,,,0.000000000000,,,,,-10.147850036621,,,,,-13.123299598694
14.669,,,,,-0.275912001593,,,,,-0.991377801685,,,,,-5.001846409267,,,,,-1.477298483384,,,,,-2.007640340850,,,,,-3.335793577245,,,,,-6.480118178004,,,,,-2.238749980927,,,,,-8.037099838257,,,,,-6.009650230408,,,,,-8.185149669647,,,,,-8.993299484253,,,,,0.000000000000,,,,,-10.158750057220,,,,,-13.135199546814
14.770,,,,,-0.275727119944,,,,,-0.990033340878,,,,,-5.006129961188,,,,,-1.477298483384,,,,,-2.009578098524,,,,,-3.342692505358,,,,,-6.485446427453,,,,,-2.237249851227,,,,,-8.026200294495,,,,,-6.009650230408,,,,,-8.193049907684,,,,,-9.011898994446,,,,,0.000000000000,,,,,-10.167449951172,,,,,-13.145999908447
14.871,,,,,-0.275160251417,,,,,-0.990045692648,,,,,-5.006523921183,,,,,-1.477077178430,,,,,-2.008670505601,,,,,-3.339168933450,,,,,-6.485397026465,,,,,-2.232650279999,,,,,-8.026300430298,,,,,-6.008749961853,,,,,-8.189349651337,,,,,-9.002399444580,,,,,0.000000000000,,,,,-10.168250083923,,,,,-13.145899772644
14.973,,,,,-0.274359136783,,,,,-0.989293175736,,,,,-5.006523921183,,,,,-1.477101793917,,,,,-2.007272508409,,,,,-3.339057506369,,,,,-6.484953123299,,,,,-2.226150035858,,,,,-8.020199775696,,,,,-6.008850097656,,,,,-8.183650016785,,,,,-9.002099037170,,,,,0.000000000000,,,,,-10.168250083923,,,,,-13.144999980927
15.073,,,,,-0.273656633531,,,,,-0.990094982094,,,,,-5.005539255973,,,,,-1.476339651537,,,,,-2.006904559010,,,,,-3.338167504670,,,,,-6.484755754588,,,,,-2.220449924469,,,,,-8.026700019836,,,,,-6.005749702454,,,,,-8.182149887085,,,,,-8.999699592590,,,,,0.000000000000,,,,,-10.166250228882,,,,,-13.144599914551
15.108,-0.274233421963,0.274235207700,-0.275912001593,-0.273065082775,,-0.988910800213,0.988911817838,-0.991377801685,-0.986591784716,,-5.000325014649,5.000327676376,-5.006523921183,-4.994854910628,,-1.475481766632,1.475482594529,-1.477298483384,-1.473807772821,,-2.006335488891,2.006336537574,-2.009578098524,-2.003004599471,,-3.335930756362,3.335932722000,-3.342692505358,-3.331602150326,,-6.478278132337,6.478280970802,-6.485446427453,-6.471731536895,,-2.225130081177,2.225144386292,-2.238749980927,-2.215650081635,,-8.017099380493,8.017107963562,-8.037099838257,-7.998299598694,,-6.002259731293,6.002263069153,-6.009650230408,-5.995450019836,,-8.179829597473,8.179834365845,-8.193049907684,-8.166249752045,,-8.993669509888,8.993674278259,-9.011898994446,-8.981999397278,,0.000000000000,0.000000000000,0.000000000000,0.000000000000,,-10.155659675598,10.155665397644,-10.168250083923,-10.144550323486,,-13.131469726563,13.131475448608,-13.145999908447,-13.118199825287,
15.174,,,,,-0.273644292416,,,,,-0.989700313618,,,,,-5.005440648585,,,,,-1.476266039508,,,,,-2.006487604272,,,,,-3.337425718675,,,,,-6.483226441137,,,,,-2.220349788666,,,,,-8.023500442505,,,,,-6.005450248718,,,,,-8.180449962616,,,,,-8.997699737549,,,,,0.000000000000,,,,,-10.166049957275,,,,,-13.141499996185
15.275,,,,,-0.274125008210,,,,,-0.988775107192,,,,,-5.004997619674,,,,,-1.476241424020,,,,,-2.008376239648,,,,,-3.341023575305,,,,,-6.483374408859,,,,,-2.224250316620,,,,,-8.015999794006,,,,,-6.005350112915,,,,,-8.188149929047,,,,,-9.007399559021,,,,,0.000000000000,,,,,-10.165150165558,,,,,-13.141799926758
15.376,,,,,-0.275382038875,,,,,-0.988923093166,,,,,-5.005391579670,,,,,-1.476388882512,,,,,-2.006757309076,,,,,-3.337945004245,,,,,-6.483226441137,,,,,-2.234449863434,,,,,-8.017199516296,,,,,-6.005949974060,,,,,-8.181549549103,,,,,-8.999099731445,,,,,0.000000000000,,,,,-10.165950298309,,,,,-13.141499996185
15.476,,,,,-0.275345133066,,,,,-0.989441279346,,,,,-5.005046923368,,,,,-1.476413498000,,,,,-2.008891322024,,,,,-3.341097860025,,,,,-6.483078238172,,,,,-2.234150409698,,,,,-8.021400451660,,,,,-6.006050109863,,,,,-8.190249919891,,,,,-9.007599830627,,,,,0.000000000000,,,,,-10.165250301361,,,,,-13.141199588776
15.578,,,,,-0.274839852577,,,,,-0.990193678622,,,,,-5.005637628583,,,,,-1.476290420562,,,,,-2.005629133646,,,,,-3.338501432175,,,,,-6.483325007871,,,,,-2.230050563812,,,,,-8.027500152588,,,,,-6.005549430847,,,,,-8.176949977875,,,,,-9.000599861145,,,,,0.000000000000,,,,,-10.166450023651,,,,,-13.141699790955
15.680,,,,,-0.274038737943,,,,,-0.990280023379,,,,,-5.005686932277,,,,,-1.476413498000,,,,,-2.006830992522,,,,,-3.337128933530,,,,,-6.483325007871,,,,,-2.223550319672,,,,,-8.028200149536,,,,,-6.006050109863,,,,,-8.181849956512,,,,,-8.996899604797,,,,,0.000000000000,,,,,-10.166550159454,,,,,-13.141699790955
15.780,,,,,-0.273804609371,,,,,-0.989441279346,,,,,-5.005834608580,,,,,-1.476438113487,,,,,-2.005285745396,,,,,-3.338427147455,,,,,-6.482683735995,,,,,-2.221650600433,,,,,-8.021400451660,,,,,-6.006150245667,,,,,-8.175549983978,,,,,-9.000399589539,,,,,0.000000000000,,,,,-10.166850090027,,,,,-13.140399932861
15.881,,,,,-0.273792268256,,,,,-0.989058845005,,,,,-5.005785304886,,,,,-1.476511725517,,,,,-2.007051691987,,,,,-3.336795006025,,,,,-6.482930270450,,,,,-2.221550464630,,,,,-8.018300056458,,,,,-6.006449699402,,,,,-8.182749748230,,,,,-8.995999336243,,,,,0.000000000000,,,,,-10.166749954224,,,,,-13.140899658203
15.982,,,,,-0.274211278478,,,,,-0.990637754179,,,,,-5.005391579670,,,,,-1.476634568521,,,,,-2.009013893852,,,,,-3.340801074880,,,,,-6.482732901740,,,,,-2.224950313568,,,,,-8.031100273132,,,,,-6.006949424744,,,,,-8.190749645233,,,,,-9.006799697876,,,,,0.000000000000,,,,,-10.165950298309,,,,,-13.140499591827
16.083,,,,,-0.275468309142,,,,,-0.989959347891,,,,,-5.005982284884,,,,,-1.476585571979,,,,,-2.007493207874,,,,,-3.338761074960,,,,,-6.482881104705,,,,,-2.235149860382,,,,,-8.025600433350,,,,,-6.006750106812,,,,,-8.184549808502,,,,,-9.001299858093,,,,,0.000000000000,,,,,-10.167150020599,,,,,-13.140799999237
16.108,-0.274465152834,0.274466006611,-0.275468309142,-0.273644292416,,-0.989641072175,0.989641248806,-0.990637754179,-0.988775107192,,-5.005519511018,5.005519520614,-5.005982284884,-5.004997619674,,-1.476418374211,1.476418379480,-1.476634568521,-1.476241424020,,-2.007181714030,2.007182077987,-2.009013893852,-2.005285745396,,-3.338790682728,3.338791040487,-3.341097860025,-3.336795006025,,-6.483078355794,6.483078360337,-6.483374408859,-6.482683735995,,-2.227010250092,2.227017164230,-2.235149860382,-2.220349788666,,-8.023019790649,8.023021697998,-8.031100273132,-8.015999794006,,-6.006070137024,6.006070137024,-6.006949424744,-6.005350112915,,-8.183279991150,8.183280944824,-8.190749645233,-8.175549983978,,-9.001379966736,9.001380920410,-9.007599830627,-8.995999336243,,0.000000000000,0.000000000000,0.000000000000,0.000000000000,,-10.166210174561,10.166210174561,-10.167150020599,-10.165150165558,,-13.141200065613,13.141200065613,-13.141799926758,-13.140399932861,
16.184,,,,,-0.275394379990,,,,,-0.990255319838,,,,,-5.005391579670,,,,,-1.476659184009,,,,,-2.009087460340,,,,,-3.340430005014,,,,,-6.482732901740,,,,,-2.234549999237,,,,,-8.027999877930,,,,,-6.007049560547,,,,,-8.191049575806,,,,,-9.005799293518,,,,,0.000000000000,,,,,-10.165950298309,,,,,-13.140499591827
16.285,,,,,-0.274938346425,,,,,-0.988873803720,,,,,-5.005834608580,,,,,-1.476511725517,,,,,-2.004966801336,,,,,-3.339020717745,,,,,-6.482930270450,,,,,-2.230849742889,,,,,-8.016799926758,,,,,-6.006449699402,,,,,-8.174249649048,,,,,-9.001999855042,,,,,0.000000000000,,,,,-10.166850090027,,,,,-13.140899658203
