"Time [s]","LVDT # 2 (195619) (AVG) []","LVDT # 2 (195619) (RMS) []","LVDT # 2 (195619) (MIN) []","LVDT # 2 (195619) (MAX) []","LVDT # 2 (195619) []","LVDT #1 (195620) (AVG) []","LVDT #1 (195620) (RMS) []","LVDT #1 (195620) (MIN) []","LVDT #1 (195620) (MAX) []","LVDT #1 (195620) []","LVDT #3 (196487) (AVG) []","LVDT #3 (196487) (RMS) []","LVDT #3 (196487) (MIN) []","LVDT #3 (196487) (MAX) []","LVDT #3 (196487) []","LVDT #4 (196488) (AVG) []","LVDT #4 (196488) (RMS) []","LVDT #4 (196488) (MIN) []","LVDT #4 (196488) (MAX) []","LVDT #4 (196488) []","LVDT #5 (194513) (AVG) []","LVDT #5 (194513) (RMS) []","LVDT #5 (194513) (MIN) []","LVDT #5 (194513) (MAX) []","LVDT #5 (194513) []","LVDT #7 (198068) (AVG) []","LVDT #7 (198068) (RMS) []","LVDT #7 (198068) (MIN) []","LVDT #7 (198068) (MAX) []","LVDT #7 (198068) []","LVDT #8 (198067) (AVG) []","LVDT #8 (198067) (RMS) []","LVDT #8 (198067) (MIN) []","LVDT #8 (198067) (MAX) []","LVDT #8 (198067) []","channel 1 (AVG) [mA]","channel 1 (RMS) [mA]","channel 1 (MIN) [mA]","channel 1 (MAX) [mA]","channel 1 [mA]","channel 2 (AVG) [mA]","channel 2 (RMS) [mA]","channel 2 (MIN) [mA]","channel 2 (MAX) [mA]","channel 2 [mA]","channel 3 (AVG) [mA]","channel 3 (RMS) [mA]","channel 3 (MIN) [mA]","channel 3 (MAX) [mA]","channel 3 [mA]","channel 4 (AVG) [mA]","channel 4 (RMS) [mA]","channel 4 (MIN) [mA]","channel 4 (MAX) [mA]","channel 4 [mA]","channel 5 (AVG) [mA]","channel 5 (RMS) [mA]","channel 5 (MIN) [mA]","channel 5 (MAX) [mA]","channel 5 [mA]","channel 6 (AVG) [mA]","channel 6 (RMS) [mA]","channel 6 (MIN) [mA]","channel 6 (MAX) [mA]","channel 6 [mA]","channel 7 (AVG) [mA]","channel 7 (RMS) [mA]","channel 7 (MIN) [mA]","channel 7 (MAX) [mA]","channel 7 [mA]","channel 8 (AVG) [mA]","channel 8 (RMS) [mA]","channel 8 (MIN) [mA]","channel 8 (MAX) [mA]","channel 8 [mA]"
0.062,,,,,0.001967460582,,,,,0.001478876890,,,,,0.001868432719,,,,,-0.000625490587,,,,,0.005155359602,,,,,0.001157228140,,,,,-0.000073866240,,,,,0.011999607086,,,,,0.015950202942,,,,,0.007600784302,,,,,-0.002550125122,,,,,0.013898849487,,,,,0.000000000000,,,,,0.002350330353,,,,,-0.000149726868
0.164,,,,,0.000709226897,,,,,0.001688440768,,,,,0.001843582798,,,,,-0.001238583641,,,,,0.004821432097,,,,,0.001009317057,,,,,0.000962143057,,,,,0.013700008392,,,,,0.005749702454,,,,,0.007499694824,,,,,-0.005049705505,,,,,0.012998580933,,,,,0.000000000000,,,,,0.002049922943,,,,,0.001950263977
0.264,,,,,0.001079309468,,,,,0.002082768761,,,,,0.001843582798,,,,,0.001704777635,,,,,0.004116788462,,,,,0.001501884442,,,,,0.000419202672,,,,,0.016899585724,,,,,0.008749961853,,,,,0.007499694824,,,,,0.006950378418,,,,,0.011098861694,,,,,0.000000000000,,,,,0.003050327301,,,,,0.000849723816
0.366,,,,,0.000228096028,,,,,0.001910228226,,,,,0.001229367777,,,,,0.000552041056,,,,,0.003041428699,,,,,0.001895844437,,,,,-0.000271470193,,,,,0.015499591827,,,,,0.001849174500,,,,,0.005001068115,,,,,0.002250671387,,,,,0.008199691772,,,,,0.000000000000,,,,,0.003850460052,,,,,-0.000550270081
0.467,,,,,0.002078508881,,,,,0.001676099654,,,,,0.001081674851,,,,,-0.000576368289,,,,,0.000111073344,,,,,0.000911179227,,,,,-0.001356409992,,,,,0.013599872589,,,,,0.016850471497,,,,,0.004400253296,,,,,-0.002349853516,,,,,0.000299453735,,,,,0.000000000000,,,,,0.001850605011,,,,,-0.002749443054
0.567,,,,,0.000413254949,,,,,0.001602170501,,,,,0.000811138922,,,,,-0.001238583641,,,,,-0.000519285570,,,,,0.000073955542,,,,,-0.001208677513,,,,,0.013000011444,,,,,0.003350257874,,,,,0.003299713135,,,,,-0.005049705505,,,,,-0.001399993896,,,,,0.000000000000,,,,,0.000150203705,,,,,-0.002449989319
0.669,,,,,0.001116247143,,,,,0.002107450990,,,,,0.000663914863,,,,,0.000085847063,,,,,-0.001001782516,,,,,-0.000418142284,,,,,-0.000813469607,,,,,0.017099857330,,,,,0.009049415588,,,,,0.002700805664,,,,,0.000349998474,,,,,-0.002700805664,,,,,0.000000000000,,,,,-0.000849246979,,,,,-0.001648902893
0.769,,,,,0.000647585681,,,,,0.002045862952,,,,,0.000466990963,,,,,0.000429235313,,,,,-0.000556781667,,,,,-0.000073485983,,,,,-0.002145884833,,,,,0.016600131989,,,,,0.005249977112,,,,,0.001899719238,,,,,0.001749992371,,,,,-0.001501083374,,,,,0.000000000000,,,,,-0.000149250031,,,,,-0.004349708557
0.870,,,,,0.001819474609,,,,,0.001762369921,,,,,0.000516221938,,,,,-0.002195064946,,,,,0.000333220032,,,,,0.000320004454,,,,,-0.003428428586,,,,,0.014299869537,,,,,0.014750480652,,,,,0.002099990845,,,,,-0.008949279785,,,,,0.000898361206,,,,,0.000000000000,,,,,0.000649929047,,,,,-0.006949424744
0.971,,,,,0.000141751271,,,,,0.001626852730,,,,,0.000442609909,,,,,-0.001508288445,,,,,0.001075359763,,,,,-0.000122789677,,,,,-0.003428428586,,,,,0.013200283051,,,,,0.001149177551,,,,,0.001800537109,,,,,-0.006149291992,,,,,0.002899169922,,,,,0.000000000000,,,,,-0.000249385834,,,,,-0.006949424744
1.072,,,,,0.000487130300,,,,,0.002132133219,,,,,0.000466990963,,,,,0.001361389385,,,,,0.001743214774,,,,,-0.000861405974,,,,,-0.002786686224,,,,,0.017300128937,,,,,0.003949165344,,,,,0.001899719238,,,,,0.005550384521,,,,,0.004699707031,,,,,0.000000000000,,,,,-0.001749515533,,,,,-0.005648612976
1.172,,,,,0.001091543602,,,,,0.002193721257,,,,,0.000442609909,,,,,0.001287705939,,,,,0.002484647032,,,,,-0.001107454887,,,,,-0.002194815336,,,,,0.017799854279,,,,,0.008849143982,,,,,0.001800537109,,,,,0.005249977112,,,,,0.006698608398,,,,,0.000000000000,,,,,-0.002249240875,,,,,-0.004448890686
1.274,,,,,0.001523267389,,,,,0.001984157379,,,,,0.000418228855,,,,,-0.002097054267,,,,,0.002410362312,,,,,-0.000270700760,,,,,-0.002688825219,,,,,0.016099452972,,,,,0.012349128723,,,,,0.001701354980,,,,,-0.008549690247,,,,,0.006498336792,,,,,0.000000000000,,,,,-0.000549793243,,,,,-0.005450248718
1.376,,,,,0.002078508881,,,,,0.001540582463,,,,,0.000418228855,,,,,-0.002219626095,,,,,0.001780003398,,,,,0.000369308149,,,,,-0.003230824633,,,,,0.012500286102,,,,,0.016850471497,,,,,0.001701354980,,,,,-0.009049415588,,,,,0.004798889160,,,,,0.000000000000,,,,,0.000750064850,,,,,-0.006548881531
1.476,,,,,0.000228096028,,,,,0.001799393264,,,,,0.000466990963,,,,,0.000870868158,,,,,0.000296431408,,,,,-0.000762798585,,,,,-0.003428428586,,,,,0.014600276947,,,,,0.001849174500,,,,,0.001899719238,,,,,0.003550529480,,,,,0.000799179077,,,,,0.000000000000,,,,,-0.001549243927,,,,,-0.006949424744
1.577,,,,,0.001486329714,,,,,0.002119792104,,,,,0.000466990963,,,,,0.001018001134,,,,,-0.000519285570,,,,,-0.001304669664,,,,,-0.002244686810,,,,,0.017199993134,,,,,0.012049674988,,,,,0.001899719238,,,,,0.004150390625,,,,,-0.001399993896,,,,,0.000000000000,,,,,-0.002649784088,,,,,-0.004549980164
1.598,0.001061993462,0.001238001052,0.000141751271,0.002078508881,,0.001931231628,0.001943695371,0.001540582463,0.002193721257,,0.000476977818,0.000481791250,0.000418228855,0.000663914863,,-0.000296698676,0.001480389770,-0.002219626095,0.001361389385,,0.000804538897,0.001453584002,-0.001001782516,0.002484647032,,-0.000423213521,0.000689919700,-0.001304669664,0.000369308149,,-0.002639047842,0.002753513836,-0.003428428586,-0.000813469607,,0.015670012683,0.015771145001,0.012500286102,0.017799854279,,0.008609580807,0.010036474094,0.001149177551,0.016850471497,,0.001940345741,0.001959926914,0.001701354980,0.002700805664,,-0.001209640526,0.006035549100,-0.009049415588,0.005550384521,,0.002169036772,0.003918862436,-0.002700805664,0.006698608398,,0.000000000000,0.000000000000,0.000000000000,0.000000000000,,-0.000859546650,0.001401226968,-0.002649784088,0.000750064850,,-0.005349350162,0.005581372418,-0.006949424744,-0.001648902893,
1.678,,,,,0.001116247143,,,,,0.002156697913,,,,,0.000442609909,,,,,-0.001017767219,,,,,-0.001224636678,,,,,-0.001156758581,,,,,-0.001998152354,,,,,0.017499446869,,,,,0.009049415588,,,,,0.001800537109,,,,,-0.004149436951,,,,,-0.003301620483,,,,,0.000000000000,,,,,-0.002349376678,,,,,-0.004050254822
1.779,,,,,-0.011810762926,,,,,-0.000936690592,,,,,-0.020231117541,,,,,-0.037711421619,,,,,-0.001632141430,,,,,-0.000418142284,,,,,-0.002638953745,,,,,-0.007600307465,,,,,-0.095749855042,,,,,-0.082300186157,,,,,-0.153749465942,,,,,-0.004400253296,,,,,0.000000000000,,,,,-0.000849246979,,,,,-0.005349159241
1.880,,,,,-0.029474500518,,,,,-0.004966710923,,,,,-0.045673216573,,,,,-0.083529425802,,,,,-0.106231395144,,,,,-0.153446479245,,,,,-0.216304344324,,,,,-0.040299892426,,,,,-0.238949775696,,,,,-0.185798645020,,,,,-0.340549468994,,,,,-0.286399841309,,,,,0.000000000000,,,,,-0.311649799347,,,,,-0.438448905945
1.981,,,,,-0.049518953641,,,,,-0.010722254132,,,,,-0.077802288614,,,,,-0.142960388169,,,,,-0.177485299040,,,,,-0.259157825960,,,,,-0.355081600571,,,,,-0.087000370026,,,,,-0.401450157166,,,,,-0.316499710083,,,,,-0.582849502563,,,,,-0.478500366211,,,,,0.000000000000,,,,,-0.526349544525,,,,,-0.719750404358
2.083,,,,,-0.106482025256,,,,,-0.025622445667,,,,,-0.114921037192,,,,,-0.212374170943,,,,,-0.261684553560,,,,,-0.386484381837,,,,,-0.520053613227,,,,,-0.207900524139,,,,,-0.863249778748,,,,,-0.467498779297,,,,,-0.865849494934,,,,,-0.705501556396,,,,,0.000000000000,,,,,-0.784949779510,,,,,-1.054148674011
2.183,,,,,-0.142142645334,,,,,-0.035383326977,,,,,-0.213691970240,,,,,-0.394910522790,,,,,-0.483011987160,,,,,-0.724888974842,,,,,-0.723705188241,,,,,-0.287100315094,,,,,-1.152350425720,,,,,-0.869298934937,,,,,-1.610050201416,,,,,-1.302200317383,,,,,0.000000000000,,,,,-1.472249507904,,,,,-1.466950416565
2.284,,,,,-0.186573257719,,,,,-0.046955883900,,,,,-0.276450210616,,,,,-0.508474256877,,,,,-0.619510514800,,,,,-0.932717663733,,,,,-1.242599524944,,,,,-0.381000041962,,,,,-1.512549400330,,,,,-1.124599456787,,,,,-2.073049545288,,,,,-1.670200347900,,,,,0.000000000000,,,,,-1.894349575043,,,,,-2.518749237061
2.384,,,,,-0.227525611540,,,,,-0.058183359753,,,,,-0.338987146038,,,,,-0.624392820334,,,,,-0.754154754322,,,,,-1.138133758515,,,,,-1.513245897335,,,,,-0.472099781036,,,,,-1.844550132751,,,,,-1.378999710083,,,,,-2.545649528503,,,,,-2.033201217651,,,,,0.000000000000,,,,,-2.311549663544,,,,,-3.067349433899
2.486,,,,,-0.306173686668,,,,,-0.078999293917,,,,,-0.455703003920,,,,,-0.835724662910,,,,,-0.881899358257,,,,,-1.328680328640,,,,,-1.760112986402,,,,,-0.641000270844,,,,,-2.482150077820,,,,,-1.853799819946,,,,,-3.407249450684,,,,,-2.377600669861,,,,,0.000000000000,,,,,-2.698549747467,,,,,-3.567749023438
2.586,,,,,-0.350185044673,,,,,-0.090670462221,,,,,-0.521189578046,,,,,-0.951839481641,,,,,-1.151038914123,,,,,-1.719620590548,,,,,-2.293512394232,,,,,-0.735700130463,,,,,-2.838950157166,,,,,-2.120199203491,,,,,-3.880649566650,,,,,-3.103200912476,,,,,0.000000000000,,,,,-3.492549419403,,,,,-4.648949623108
2.598,-0.140877024113,0.183835236755,-0.350185044673,0.001116247143,,-0.035028373017,0.047016840366,-0.090670462221,0.002156697913,,-0.206420695887,0.271672715589,-0.521189578046,0.000442609909,,-0.379293491830,0.498271182111,-0.951839481641,-0.001017767219,,-0.443787355451,0.583073702113,-1.151038914123,-0.001224636678,,-0.664470490419,0.874833778531,-1.719620590548,-0.000418142284,,-0.862925265538,1.147137741591,-2.293512394232,-0.001998152354,,-0.284220218658,0.381494641304,-0.735700130463,0.017499446869,,-1.142090082169,1.490352272987,-2.838950157166,0.009049415588,,-0.839719414711,1.105164647102,-2.120199203491,0.001800537109,,-1.546379566193,2.031451702118,-3.880649566650,-0.004149436951,,-1.196450710297,1.571966648102,-3.103200912476,-0.003301620483,,0.000000000000,0.000000000000,0.000000000000,0.000000000000,,-1.349539518356,1.776787400246,-3.492549419403,-0.000849246979,,-1.749149560928,2.325248241425,-4.648949623108,-0.004050254822,
2.687,,,,,-0.395664263554,,,,,-0.102674370480,,,,,-0.588495353916,,,,,-1.070358018124,,,,,-1.296402438812,,,,,-1.937690830653,,,,,-2.581918657149,,,,,-0.833099842072,,,,,-3.207650184631,,,,,-2.393999099731,,,,,-4.363849639893,,,,,-3.495100975037,,,,,0.000000000000,,,,,-3.935450077057,,,,,-5.233549118042
2.788,,,,,-0.489003299211,,,,,-0.127273855287,,,,,-0.656686349604,,,,,-1.193585979433,,,,,-1.442025606286,,,,,-2.154184761216,,,,,-2.875308303570,,,,,-1.032700061798,,,,,-3.964349746704,,,,,-2.671400070190,,,,,-4.866250038147,,,,,-3.887701034546,,,,,0.000000000000,,,,,-4.375149250031,,,,,-5.828249931335
2.889,,,,,-0.530362673278,,,,,-0.139105223011,,,,,-0.790339069498,,,,,-1.434351200855,,,,,-1.732826586647,,,,,-2.377375542149,,,,,-3.168894612971,,,,,-1.128699779510,,,,,-4.299650192261,,,,,-3.215099334717,,,,,-5.847849845886,,,,,-4.671700477600,,,,,0.000000000000,,,,,-4.828449726105,,,,,-6.423349380493
2.990,,,,,-0.569378269488,,,,,-0.149889123948,,,,,-0.845476823805,,,,,-1.532364452999,,,,,-1.851557977829,,,,,-2.768315804057,,,,,-3.673975962868,,,,,-1.216200351715,,,,,-4.615949630737,,,,,-3.439399719238,,,,,-6.247449874878,,,,,-4.991800308228,,,,,0.000000000000,,,,,-5.622449398041,,,,,-7.447149276733
3.091,,,,,-0.600696948155,,,,,-0.158540832899,,,,,-0.893633156986,,,,,-1.620394884736,,,,,-1.953895084936,,,,,-2.921097622547,,,,,-3.872397149438,,,,,-1.286400318146,,,,,-4.869850158691,,,,,-3.635299682617,,,,,-6.606349945068,,,,,-5.267701148987,,,,,0.000000000000,,,,,-5.932749271393,,,,,-7.849349021912
3.192,,,,,-0.661977257640,,,,,-0.175388217237,,,,,-0.982571257720,,,,,-1.781738941828,,,,,-2.048924697967,,,,,-3.063244399386,,,,,-4.058879763844,,,,,-1.423099994659,,,,,-5.366649627686,,,,,-3.997099876404,,,,,-7.264149665833,,,,,-5.523900985718,,,,,0.000000000000,,,,,-6.221449375153,,,,,-8.227349281311
3.293,,,,,-0.690989213762,,,,,-0.184409689486,,,,,-1.027703871300,,,,,-1.858118617245,,,,,-2.232900712893,,,,,-3.339660161825,,,,,-4.415910115781,,,,,-1.496300220490,,,,,-5.601849555969,,,,,-4.180699348450,,,,,-7.575549602509,,,,,-6.019900321960,,,,,0.000000000000,,,,,-6.782849788666,,,,,-8.951049804688
3.394,,,,,-0.723973146361,,,,,-0.193492749773,,,,,-1.072836719314,,,,,-1.936239795063,,,,,-2.328672465655,,,,,-3.480132726071,,,,,-4.590207153079,,,,,-1.570000171661,,,,,-5.869250297546,,,,,-4.364299774170,,,,,-7.894049644470,,,,,-6.278100967407,,,,,0.000000000000,,,,,-7.068149566650,,,,,-9.304349899292
3.496,,,,,-0.787473833633,,,,,-0.211313789279,,,,,-1.120599673561,,,,,-2.024613615050,,,,,-2.430267433031,,,,,-3.628729600028,,,,,-4.772644061788,,,,,-1.714600086212,,,,,-6.384050369263,,,,,-4.558599472046,,,,,-8.254349708557,,,,,-6.552000999451,,,,,0.000000000000,,,,,-7.369949817657,,,,,-9.674149513245
3.596,,,,,-0.814660198079,,,,,-0.219829981040,,,,,-1.206956664604,,,,,-2.175950407543,,,,,-2.610608448968,,,,,-3.906179096592,,,,,-4.947680937697,,,,,-1.783700466156,,,,,-6.604450225830,,,,,-4.909899711609,,,,,-8.871349811554,,,,,-7.038200378418,,,,,0.000000000000,,,,,-7.933449745178,,,,,-10.028949260712
3.598,-0.626417910316,0.639186265137,-0.814660198079,-0.395664263554,,-0.166191783244,0.169964411415,-0.219829981040,-0.102674370480,,-0.918529894031,0.938120409941,-1.206956664604,-0.588495353916,,-1.662771591288,1.697396270965,-2.175950407543,-1.070358018124,,-1.992808145302,2.033147505566,-2.610608448968,-1.296402438812,,-2.957661054452,3.021878382781,-3.906179096592,-1.937690830653,,-3.895781671819,3.972047340069,-4.947680937697,-2.581918657149,,-1.348480105400,1.379091262817,-1.783700466156,-0.833099842072,,-5.078370094299,5.181882858276,-6.604450225830,-3.207650184631,,-3.736579656601,3.816273927689,-4.909899711609,-2.393999099731,,-6.779119968414,6.920284748077,-8.871349811554,-4.363849639893,,-5.372610569000,5.481365680695,-7.038200378418,-3.495100975037,,0.000000000000,0.000000000000,0.000000000000,0.000000000000,,-6.007009506226,6.137434959412,-7.933449745178,-3.935450077057,,-7.896749496460,8.051340103149,-10.028949260712,-5.233549118042,
3.697,,,,,-0.835938063711,,,,,-0.225757947249,,,,,-1.236405930571,,,,,-2.226722980206,,,,,-2.669955927116,,,,,-4.001255401656,,,,,-5.219116784930,,,,,-1.831799983978,,,,,-6.776949882507,,,,,-5.029699325562,,,,,-9.078349590302,,,,,-7.198201179504,,,,,0.000000000000,,,,,-8.126549720764,,,,,-10.579149723053
3.798,,,,,-0.849062584472,,,,,-0.229196416823,,,,,-1.255530757773,,,,,-2.261601565719,,,,,-2.707529846214,,,,,-4.062456781790,,,,,-5.294153592712,,,,,-1.859699726105,,,,,-6.883350372314,,,,,-5.107499122620,,,,,-9.220549583435,,,,,-7.299500465393,,,,,0.000000000000,,,,,-8.250849723816,,,,,-10.731249332428
3.899,,,,,-0.874978363462,,,,,-0.236923835064,,,,,-1.291494453903,,,,,-2.324515532886,,,,,-2.740541976001,,,,,-4.115386410689,,,,,-5.360951962351,,,,,-1.922399997711,,,,,-7.093449592590,,,,,-5.253799438477,,,,,-9.477049827576,,,,,-7.388501167297,,,,,0.000000000000,,,,,-8.358349800110,,,,,-10.866649627686
4.000,,,,,-0.888386622036,,,,,-0.241348300922,,,,,-1.313544538755,,,,,-2.361454447900,,,,,-2.826446949198,,,,,-4.243796004385,,,,,-5.528194068039,,,,,-1.958300113678,,,,,-7.202150344849,,,,,-5.343499183655,,,,,-9.627649784088,,,,,-7.620100975037,,,,,0.000000000000,,,,,-8.619149684906,,,,,-11.205649375916
4.101,,,,,-0.903126989647,,,,,-0.244343078045,,,,,-1.331637156514,,,,,-2.397363198163,,,,,-2.863798367871,,,,,-4.297857974798,,,,,-5.599728345753,,,,,-1.982599735260,,,,,-7.321650505066,,,,,-5.417099952698,,,,,-9.774049758911,,,,,-7.720800399780,,,,,0.000000000000,,,,,-8.728949546814,,,,,-11.350649356842
4.203,,,,,-0.915202903912,,,,,-0.248336192567,,,,,-1.343510261093,,,,,-2.418604264342,,,,,-2.887537288383,,,,,-4.332865476021,,,,,-5.645263589070,,,,,-2.014999866486,,,,,-7.419549942017,,,,,-5.465399742126,,,,,-9.860649585724,,,,,-7.784800529480,,,,,0.000000000000,,,,,-8.800049781799,,,,,-11.442949295044
4.303,,,,,-0.915868958431,,,,,-0.248841473055,,,,,-1.351917270597,,,,,-2.430377709447,,,,,-2.901891926276,,,,,-4.358960982322,,,,,-5.669240005862,,,,,-2.019099712372,,,,,-7.424949645996,,,,,-5.499599456787,,,,,-9.908649921417,,,,,-7.823500633240,,,,,0.000000000000,,,,,-8.853049755096,,,,,-11.491549491882
4.403,,,,,-0.916658413018,,,,,-0.248681273636,,,,,-1.352015732547,,,,,-2.431579568324,,,,,-2.900593712351,,,,,-4.357927013418,,,,,-5.676048167774,,,,,-2.017799854279,,,,,-7.431349754333,,,,,-5.500000000000,,,,,-9.913549900055,,,,,-7.820000648499,,,,,0.000000000000,,,,,-8.850949764252,,,,,-11.505349636078
4.505,,,,,-0.916572068260,,,,,-0.248952425552,,,,,-1.351892655109,,,,,-2.434498368451,,,,,-2.900222996222,,,,,-4.358813306019,,,,,-5.677528080237,,,,,-2.019999980927,,,,,-7.430649757385,,,,,-5.499499320984,,,,,-9.925449848175,,,,,-7.819001197815,,,,,0.000000000000,,,,,-8.852749824524,,,,,-11.508349418640
4.598,-0.890643885217,0.891125088594,-0.916658413018,-0.835938063711,,-0.241375660324,0.241521962032,-0.248952425552,-0.225757947249,,-1.314216528540,1.314869331295,-1.352015732547,-1.236405930571,,-2.365190848382,2.366339664025,-2.434498368451,-2.226722980206,,-2.822057665515,2.823388073989,-2.901891926276,-2.669955927116,,-4.236591039011,4.238663812919,-4.358960982322,-4.001255401656,,-5.518913844081,5.521534273085,-5.677528080237,-5.219116784930,,-1.958522081375,1.959709167480,-2.019999980927,-1.831799983978,,-7.220449924469,7.224350929260,-7.431349754333,-6.776949882507,,-5.346232891083,5.348888397217,-5.500000000000,-5.029699325562,,-9.642883300781,9.647566795349,-9.925449848175,-9.078349590302,,-7.608267307281,7.611854076385,-7.823500633240,-7.198201179504,,0.000000000000,0.000000000000,0.000000000000,0.000000000000,,-8.604516029358,8.608726501465,-8.853049755096,-8.126549720764,,-11.186838150024,11.192150115967,-11.508349418640,-10.579149723053,
4.606,,,,,-0.917558915903,,,,,-0.249223577468,,,,,-1.352580951027,,,,,-2.430573847763,,,,,-2.901484067787,,,,,-4.359945647532,,,,,-5.679649499819,,,,,-2.022200107574,,,,,-7.438650131226,,,,,-5.502299308777,,,,,-9.909449577332,,,,,-7.822401046753,,,,,0.000000000000,,,,,-8.855049610138,,,,,-11.512649536133
4.707,,,,,-0.916670764788,,,,,-0.249211236353,,,,,-1.353441320924,,,,,-2.436730392078,,,,,-2.908197637835,,,,,-4.365854108351,,,,,-5.691489740493,,,,,-2.022099971771,,,,,-7.431449890137,,,,,-5.505799293518,,,,,-9.934549808502,,,,,-7.840500831604,,,,,0.000000000000,,,,,-8.867049694061,,,,,-11.536649703979
4.807,,,,,-0.917768543093,,,,,-0.248040475956,,,,,-1.353146403940,,,,,-2.438177511567,,,,,-2.910349064835,,,,,-4.369645327667,,,,,-5.700665856443,,,,,-2.012600421906,,,,,-7.440349578857,,,,,-5.504599571228,,,,,-9.940449714661,,,,,-7.846301078796,,,,,0.000000000000,,,,,-8.874749660492,,,,,-11.555249691010
4.910,,,,,-0.917706901877,,,,,-0.248139087338,,,,,-1.353072557477,,,,,-2.436043615577,,,,,-2.909421567040,,,,,-4.370088356578,,,,,-5.701109759609,,,,,-2.013400554657,,,,,-7.439849853516,,,,,-5.504299163818,,,,,-9.931749820709,,,,,-7.843800544739,,,,,0.000000000000,,,,,-8.875649452209,,,,,-11.556149482727
5.010,,,,,-0.916966854372,,,,,-0.248052817070,,,,,-1.353465936411,,,,,-2.437196352156,,,,,-2.908197637835,,,,,-4.372107225472,,,,,-5.701109759609,,,,,-2.012700557709,,,,,-7.433850288391,,,,,-5.505899429321,,,,,-9.936449527740,,,,,-7.840500831604,,,,,0.000000000000,,,,,-8.879749774933,,,,,-11.556149482727
5.111,,,,,-0.916658413018,,,,,-0.247584442391,,,,,-1.352113960064,,,,,-2.438815282729,,,,,-2.907900852690,,,,,-4.371614892867,,,,,-5.706092437383,,,,,-2.008900165558,,,,,-7.431349754333,,,,,-5.500399589539,,,,,-9.943049907684,,,,,-7.839700698853,,,,,0.000000000000,,,,,-8.878749847412,,,,,-11.566249370575
5.211,,,,,-0.916214337460,,,,,-0.247239361322,,,,,-1.351401048658,,,,,-2.435111578463,,,,,-2.908679781045,,,,,-4.371663961781,,,,,-5.708361824687,,,,,-2.006100177765,,,,,-7.427749633789,,,,,-5.497499465942,,,,,-9.927949905396,,,,,-7.841800689697,,,,,0.000000000000,,,,,-8.878849506378,,,,,-11.570849418640
5.313,,,,,-0.917743957188,,,,,-0.246721739718,,,,,-1.354105001354,,,,,-2.441047306356,,,,,-2.910571565260,,,,,-4.372747234380,,,,,-5.709348432995,,,,,-2.001900196075,,,,,-7.440150260925,,,,,-5.508499145508,,,,,-9.952149868011,,,,,-7.846900939941,,,,,0.000000000000,,,,,-8.881049633026,,,,,-11.572849273682
5.413,,,,,-0.917904294933,,,,,-0.247719959582,,,,,-1.356169889107,,,,,-2.444898143597,,,,,-2.918064063664,,,,,-4.382643894513,,,,,-5.721336641392,,,,,-2.009999752045,,,,,-7.441450119019,,,,,-5.516899108887,,,,,-9.967849731445,,,,,-7.867100715637,,,,,0.000000000000,,,,,-8.901149749756,,,,,-11.597149372101
5.515,,,,,-0.919840934907,,,,,-0.247818570963,,,,,-1.356956646975,,,,,-2.444554755347,,,,,-2.919584778013,,,,,-4.387616759037,,,,,-5.728588706470,,,,,-2.010799884796,,,,,-7.457150459290,,,,,-5.520099639893,,,,,-9.966449737549,,,,,-7.871200561523,,,,,0.000000000000,,,,,-8.911249637604,,,,,-11.611849308014
5.598,-0.917503391754,0.917503890624,-0.919840934907,-0.916214337460,,-0.247975126816,0.247976231434,-0.249223577468,-0.246721739718,,-1.353645371594,1.353646358377,-1.356956646975,-1.351401048658,,-2.438314878563,2.438318346446,-2.444898143597,-2.430573847763,,-2.910245101600,2.910249263566,-2.919584778013,-2.901484067787,,-4.372392740818,4.372399015896,-4.387616759037,-4.359945647532,,-5.704775265890,5.704790414930,-5.728588706470,-5.679649499819,,-2.012070178986,2.012079238892,-2.022200107574,-2.001900196075,,-7.438199996948,7.438203811646,-7.457150459290,-7.427749633789,,-5.506629467010,5.506633281708,-5.520099639893,-5.497499465942,,-9.941009521484,9.941023826599,-9.967849731445,-9.909449577332,,-7.846020698547,7.846032142639,-7.871200561523,-7.822401046753,,0.000000000000,0.000000000000,0.000000000000,0.000000000000,,-8.880330085754,8.880342483521,-8.911249637604,-8.855049610138,,-11.563579559326,11.563610076904,-11.611849308014,-11.512649536133,
5.617,,,,,-0.921419726445,,,,,-0.247547419047,,,,,-1.358824845261,,,,,-2.447081161885,,,,,-2.922329775304,,,,,-4.393968248766,,,,,-5.735890172536,,,,,-2.008599758148,,,,,-7.469949722290,,,,,-5.527699470520,,,,,-9.976749897003,,,,,-7.878601074219,,,,,0.000000000000,,,,,-8.924149513245,,,,,-11.626649379730
5.717,,,,,-0.920852368455,,,,,-0.248755202788,,,,,-1.360201437096,,,,,-2.452771629163,,,,,-2.922922991857,,,,,-4.395593157664,,,,,-5.737814223408,,,,,-2.018399715424,,,,,-7.465350151062,,,,,-5.533299446106,,,,,-9.999949932098,,,,,-7.880200386047,,,,,0.000000000000,,,,,-8.927449703217,,,,,-11.630549430847
5.818,,,,,-0.921987202071,,,,,-0.248804567246,,,,,-1.360422742050,,,,,-2.450073528500,,,,,-2.924221205782,,,,,-4.395642461359,,,,,-5.735841006790,,,,,-2.018800258636,,,,,-7.474550247192,,,,,-5.534199714661,,,,,-9.988949775696,,,,,-7.883700370789,,,,,0.000000000000,,,,,-8.927549839020,,,,,-11.626549720764
5.919,,,,,-0.921974850301,,,,,-0.248286945643,,,,,-1.360324280100,,,,,-2.448086765487,,,,,-2.925927631933,,,,,-4.396036186575,,,,,-5.737222352520,,,,,-2.014600276947,,,,,-7.474450111389,,,,,-5.533799171448,,,,,-9.980849742889,,,,,-7.888300895691,,,,,0.000000000000,,,,,-8.928349494934,,,,,-11.629349708557
6.020,,,,,-0.922616318914,,,,,-0.248792226132,,,,,-1.360520969567,,,,,-2.452820634503,,,,,-2.926780845008,,,,,-4.395543853970,,,,,-5.737567688952,,,,,-2.018700122833,,,,,-7.479650497437,,,,,-5.534599304199,,,,,-10.000149726868,,,,,-7.890601158142,,,,,0.000000000000,,,,,-8.927349567413,,,,,-11.630049705505
6.121,,,,,-0.921654174812,,,,,-0.248681273636,,,,,-1.360717659034,,,,,-2.450294227965,,,,,-2.924592275648,,,,,-4.395642461359,,,,,-5.737123550543,,,,,-2.017799854279,,,,,-7.471850395203,,,,,-5.535399436951,,,,,-9.989849567413,,,,,-7.884700775146,,,,,0.000000000000,,,,,-8.927549839020,,,,,-11.629149436951
6.222,,,,,-0.923232966350,,,,,-0.248459486177,,,,,-1.360717659034,,,,,-2.449999962012,,,,,-2.923294061723,,,,,-4.396134793964,,,,,-5.736630246389,,,,,-2.016000270844,,,,,-7.484649658203,,,,,-5.535399436951,,,,,-9.988649845123,,,,,-7.881200790405,,,,,0.000000000000,,,,,-8.928549766541,,,,,-11.628149509430
6.324,,,,,-0.923183676904,,,,,-0.249174330544,,,,,-1.360742274522,,,,,-2.451496086841,,,,,-2.922960134218,,,,,-4.396380842877,,,,,-5.737419485987,,,,,-2.021800518036,,,,,-7.484250068665,,,,,-5.535499572754,,,,,-9.994749546051,,,,,-7.880300521851,,,,,0.000000000000,,,,,-8.929049491882,,,,,-11.629749298096
6.424,,,,,-0.921839098462,,,,,-0.248718296979,,,,,-1.361037191505,,,,,-2.450809310340,,,,,-2.925222988298,,,,,-4.396528753960,,,,,-5.737271518265,,,,,-2.018100261688,,,,,-7.473349571228,,,,,-5.536699295044,,,,,-9.991949558258,,,,,-7.886401176453,,,,,0.000000000000,,,,,-8.929349899292,,,,,-11.629449367523
6.525,,,,,-0.923072628606,,,,,-0.248668932521,,,,,-1.361356723977,,,,,-2.449656573762,,,,,-2.926854775992,,,,,-4.397168762868,,,,,-5.736827615099,,,,,-2.017699718475,,,,,-7.483349800110,,,,,-5.537999153137,,,,,-9.987249851227,,,,,-7.890800476074,,,,,0.000000000000,,,,,-8.930649757385,,,,,-11.628549575806
6.598,-0.922183301132,0.922183621879,-0.923232966350,-0.920852368455,,-0.248588868071,0.248589206487,-0.249174330544,-0.247547419047,,-1.360486578215,1.360486729145,-1.361356723977,-1.358824845261,,-2.450308988046,2.450309599528,-2.452820634503,-2.447081161885,,-2.924510668576,2.924511086005,-2.926854775992,-2.922329775304,,-4.395863952336,4.395864024930,-4.397168762868,-4.393968248766,,-5.736960786049,5.736960821134,-5.737814223408,-5.735841006790,,-2.017050027847,2.017052888870,-2.021800518036,-2.008599758148,,-7.476140022278,7.476142406464,-7.484649658203,-7.465350151062,,-5.534459590912,5.534460067749,-5.537999153137,-5.527699470520,,-9.989910125732,9.989912033081,-10.000149726868,-9.976749897003,,-7.884480953217,7.884481906891,-7.890800476074,-7.878601074219,,0.000000000000,0.000000000000,0.000000000000,0.000000000000,,-8.927999496460,8.927999496460,-8.930649757385,-8.924149513245,,-11.628819465637,11.628819465637,-11.630549430847,-11.626549720764,
6.626,,,,,-0.923084980377,,,,,-0.249100283857,,,,,-1.361430570439,,,,,-2.454267753992,,,,,-2.927262988218,,,,,-4.397464115475,,,,,-5.738504896272,,,,,-2.021199703217,,,,,-7.483449935913,,,,,-5.538299560547,,,,,-10.006049633026,,,,,-7.891901016235,,,,,0.000000000000,,,,,-8.931249618530,,,,,-11.631949424744
6.727,,,,,-0.923393421731,,,,,-0.248804567246,,,,,-1.361553413444,,,,,-2.451496086841,,,,,-2.926632275567,,,,,-4.397365742866,,,,,-5.739343536859,,,,,-2.018800258636,,,,,-7.485950469971,,,,,-5.538799285889,,,,,-9.994749546051,,,,,-7.890200614929,,,,,0.000000000000,,,,,-8.931049823761,,,,,-11.633649349213
6.827,,,,,-0.922369518776,,,,,-0.248903178628,,,,,-1.361946792377,,,,,-2.451643336775,,,,,-2.924480848567,,,,,-4.398104124384,,,,,-5.739195569137,,,,,-2.019600391388,,,,,-7.477649688721,,,,,-5.540399551392,,,,,-9.995349884033,,,,,-7.884400367737,,,,,0.000000000000,,,,,-8.932549476624,,,,,-11.633349418640
6.929,,,,,-0.924281455210,,,,,-0.249654928804,,,,,-1.362118866357,,,,,-2.453360278027,,,,,-2.924555133288,,,,,-4.398301104382,,,,,-5.738603698249,,,,,-2.025700092316,,,,,-7.493149757385,,,,,-5.541099548340,,,,,-10.002349853516,,,,,-7.884600639343,,,,,0.000000000000,,,,,-8.932949542999,,,,,-11.632149696350
7.031,,,,,-0.924084179790,,,,,-0.249001790010,,,,,-1.362094250869,,,,,-2.455077219278,,,,,-2.925556562067,,,,,-4.398350408076,,,,,-5.738949034681,,,,,-2.020400524139,,,,,-7.491550445557,,,,,-5.540999412537,,,,,-10.009349822998,,,,,-7.887300491333,,,,,0.000000000000,,,,,-8.933049678802,,,,,-11.632849693298
7.131,,,,,-0.922776656658,,,,,-0.249124966086,,,,,-1.362118866357,,,,,-2.450686738513,,,,,-2.928338701718,,,,,-4.398645760683,,,,,-5.738949034681,,,,,-2.021399974823,,,,,-7.480950355530,,,,,-5.541099548340,,,,,-9.991449832916,,,,,-7.894801139832,,,,,0.000000000000,,,,,-8.933649539948,,,,,-11.632849693298
7.232,,,,,-0.923960779721,,,,,-0.249580999651,,,,,-1.362413783341,,,,,-2.455420607529,,,,,-2.928598344503,,,,,-4.398202731773,,,,,-5.739097002403,,,,,-2.025100231171,,,,,-7.490550041199,,,,,-5.542299270630,,,,,-10.010749816895,,,,,-7.895501136780,,,,,0.000000000000,,,,,-8.932749748230,,,,,-11.633149623871
7.333,,,,,-0.923763386665,,,,,-0.249346871079,,,,,-1.362463014316,,,,,-2.455175346915,,,,,-2.927300130578,,,,,-4.397858075471,,,,,-5.739639707546,,,,,-2.023200511932,,,,,-7.488949775696,,,,,-5.542499542236,,,,,-10.009749889374,,,,,-7.892001152039,,,,,0.000000000000,,,,,-8.932049751282,,,,,-11.634249687195
7.434,,,,,-0.924355448197,,,,,-0.249531752728,,,,,-1.362438398828,,,,,-2.452501807401,,,,,-2.925927631933,,,,,-4.398104124384,,,,,-5.740428947144,,,,,-2.024700641632,,,,,-7.493749618530,,,,,-5.542399406433,,,,,-9.998849868774,,,,,-7.888300895691,,,,,0.000000000000,,,,,-8.932549476624,,,,,-11.635849475861
7.535,,,,,-0.922924642632,,,,,-0.249765881300,,,,,-1.362585857320,,,,,-2.454292315141,,,,,-2.925482631083,,,,,-4.398498084380,,,,,-5.739886242001,,,,,-2.026600360870,,,,,-7.482150077820,,,,,-5.542999267578,,,,,-10.006149768829,,,,,-7.887101173401,,,,,0.000000000000,,,,,-8.933349609375,,,,,-11.634749412537
7.598,-0.923499446976,0.923499678772,-0.924355448197,-0.922369518776,,-0.249281521939,0.249281729906,-0.249765881300,-0.248804567246,,-1.362116381365,1.362116430892,-1.362585857320,-1.361430570439,,-2.453392149041,2.453392688646,-2.455420607529,-2.450686738513,,-2.926413524752,2.926413850426,-2.928598344503,-2.924480848567,,-4.398089427187,4.398089445047,-4.398645760683,-4.397365742866,,-5.739259766897,5.739259794207,-5.740428947144,-5.738504896272,,-2.022670269012,2.022671937943,-2.026600360870,-2.018800258636,,-7.486810207367,7.486812114716,-7.493749618530,-7.477649688721,,-5.541089534760,5.541089534760,-5.542999267578,-5.538299560547,,-10.002479553223,10.002482414246,-10.010749816895,-9.991449832916,,-7.889610767365,7.889611721039,-7.895501136780,-7.884400367737,,0.000000000000,0.000000000000,0.000000000000,0.000000000000,,-8.932519912720,8.932519912720,-8.933649539948,-8.931049823761,,-11.633479118347,11.633480072021,-11.635849475861,-11.631949424744,
7.637,,,,,-0.924885868512,,,,,-0.249433141346,,,,,-1.362659703783,,,,,-2.455445168677,,,,,-2.926632275567,,,,,-4.398695064378,,,,,-5.739343536859,,,,,-2.023900508881,,,,,-7.498049736023,,,,,-5.543299674988,,,,,-10.010849952698,,,,,-7.890200614929,,,,,0.000000000000,,,,,-8.933749675751,,,,,-11.633649349213
7.737,,,,,-0.924602248334,,,,,-0.249630246575,,,,,-1.362635088295,,,,,-2.452722506866,,,,,-2.928152989917,,,,,-4.398892044375,,,,,-5.739244970125,,,,,-2.025499820709,,,,,-7.495750427246,,,,,-5.543199539185,,,,,-9.999749660492,,,,,-7.894300460815,,,,,0.000000000000,,,,,-8.934149742126,,,,,-11.633449554443
7.838,,,,,-0.923307076973,,,,,-0.249778222415,,,,,-1.362684319270,,,,,-2.455592301654,,,,,-2.929080487713,,,,,-4.398448780685,,,,,-5.739442338835,,,,,-2.026700496674,,,,,-7.485250473022,,,,,-5.543399810791,,,,,-10.011449813843,,,,,-7.896800994873,,,,,0.000000000000,,,,,-8.933249473572,,,,,-11.633849620819
7.939,,,,,-0.924515903577,,,,,-0.249383776888,,,,,-1.362856393250,,,,,-2.455445168677,,,,,-2.927893347132,,,,,-4.398153428078,,,,,-5.740182177445,,,,,-2.023499965668,,,,,-7.495050430298,,,,,-5.544099807739,,,,,-10.010849952698,,,,,-7.893600463867,,,,,0.000000000000,,,,,-8.932649612427,,,,,-11.635349273682
8.040,,,,,-0.923936076180,,,,,-0.249543976308,,,,,-1.362905389791,,,,,-2.452158419151,,,,,-2.926224417078,,,,,-4.398399711770,,,,,-5.740428947144,,,,,-2.024799823761,,,,,-7.490349769592,,,,,-5.544299125671,,,,,-9.997449874878,,,,,-7.889101028442,,,,,0.000000000000,,,,,-8.933149814606,,,,,-11.635849475861
8.141,,,,,-0.924750234308,,,,,-0.249741199071,,,,,-1.362905389791,,,,,-2.454856402856,,,,,-2.925445488723,,,,,-4.398645760683,,,,,-5.740330380410,,,,,-2.026400089264,,,,,-7.496950149536,,,,,-5.544299125671,,,,,-10.008449554443,,,,,-7.887001037598,,,,,0.000000000000,,,,,-8.933649539948,,,,,-11.635649681091
8.241,,,,,-0.923196028675,,,,,-0.249248259697,,,,,-1.363077463771,,,,,-2.455469612868,,,,,-2.927188703497,,,,,-4.398892044375,,,,,-5.739639707546,,,,,-2.022400379181,,,,,-7.484350204468,,,,,-5.544999122620,,,,,-10.010949611664,,,,,-7.891700744629,,,,,0.000000000000,,,,,-8.934149742126,,,,,-11.634249687195
8.343,,,,,-0.925255951082,,,,,-0.249568658537,,,,,-1.363102079258,,,,,-2.452992328628,,,,,-2.928598344503,,,,,-4.399286004371,,,,,-5.739097002403,,,,,-2.025000095367,,,,,-7.501049995422,,,,,-5.545099258423,,,,,-10.000849723816,,,,,-7.895501136780,,,,,0.000000000000,,,,,-8.934949874878,,,,,-11.633149623871
8.444,,,,,-0.925058558026,,,,,-0.249778222415,,,,,-1.363126694746,,,,,-2.451913158537,,,,,-2.929599773282,,,,,-4.399335073286,,,,,-5.739343536859,,,,,-2.026700496674,,,,,-7.499449729919,,,,,-5.545199394226,,,,,-9.996449947357,,,,,-7.898200988770,,,,,0.000000000000,,,,,-8.935049533844,,,,,-11.633649349213
8.545,,,,,-0.923788090206,,,,,-0.249543976308,,,,,-1.363274153238,,,,,-2.455813001119,,,,,-2.927782273788,,,,,-4.398645760683,,,,,-5.739590306557,,,,,-2.024799823761,,,,,-7.489150047302,,,,,-5.545799255371,,,,,-10.012349605560,,,,,-7.893301010132,,,,,0.000000000000,,,,,-8.933649539948,,,,,-11.634149551392
8.598,-0.924329603587,0.924329861263,-0.925255951082,-0.923196028675,,-0.249564967956,0.249565023589,-0.249778222415,-0.249248259697,,-1.362922667519,1.362922683477,-1.363274153238,-1.362635088295,,-2.454240806903,2.454241269499,-2.455813001119,-2.451913158537,,-2.927659810120,2.927660069999,-2.929599773282,-2.925445488723,,-4.398739367269,4.398739381624,-4.399335073286,-4.398153428078,,-5.739664290418,5.739664308323,-5.740428947144,-5.739097002403,,-2.024970054626,2.024970531464,-2.026700496674,-2.022400379181,,-7.493540287018,7.493542194366,-7.501049995422,-7.484350204468,,-5.544369220734,5.544369697571,-5.545799255371,-5.543199539185,,-10.005939483643,10.005941390991,-10.012349605560,-9.996449947357,,-7.892971038818,7.892971515656,-7.898200988770,-7.887001037598,,0.000000000000,0.000000000000,0.000000000000,0.000000000000,,-8.933839797974,8.933839797974,-8.935049533844,-8.932649612427,,-11.634299278259,11.634299278259,-11.635849475861,-11.633149623871,
8.647,,,,,-0.925132551013,,,,,-0.250197232636,,,,,-1.363397230675,,,,,-2.452403679764,,,,,-2.926298348062,,,,,-4.398695064378,,,,,-5.740182177445,,,,,-2.030100345612,,,,,-7.500049591064,,,,,-5.546299934387,,,,,-9.998449802399,,,,,-7.889300346375,,,,,0.000000000000,,,,,-8.933749675751,,,,,-11.635349273682
8.747,,,,,-0.924540489482,,,,,-0.250246479560,,,,,-1.363421611730,,,,,-2.453899921551,,,,,-2.925705131508,,,,,-4.398892044375,,,,,-5.739985043978,,,,,-2.030499935150,,,,,-7.495249748230,,,,,-5.546399116516,,,,,-10.004549980164,,,,,-7.887701034546,,,,,0.000000000000,,,,,-8.934149742126,,,,,-11.634949684143
8.848,,,,,-0.925403937056,,,,,-0.249691952148,,,,,-1.363470842705,,,,,-2.455714873482,,,,,-2.926298348062,,,,,-4.398842740681,,,,,-5.739985043978,,,,,-2.026000499725,,,,,-7.502249717712,,,,,-5.546599388123,,,,,-10.011949539185,,,,,-7.889300346375,,,,,0.000000000000,,,,,-8.934049606323,,,,,-11.634949684143
8.949,,,,,-0.923689393678,,,,,-0.250221914865,,,,,-1.363520073680,,,,,-2.453433844515,,,,,-2.929043345352,,,,,-4.399581356978,,,,,-5.739097002403,,,,,-2.030300617218,,,,,-7.488349914551,,,,,-5.546799659729,,,,,-10.002649784088,,,,,-7.896700859070,,,,,0.000000000000,,,,,-8.935549736023,,,,,-11.633149623871
9.049,,,,,-0.925786371397,,,,,-0.250246479560,,,,,-1.363642916684,,,,,-2.452820634503,,,,,-2.929710846626,,,,,-4.399679729588,,,,,-5.739146168148,,,,,-2.030499935150,,,,,-7.505350112915,,,,,-5.547299385071,,,,,-10.000149726868,,,,,-7.898500442505,,,,,0.000000000000,,,,,-8.935749530792,,,,,-11.633249282837
9.151,,,,,-0.925786371397,,,,,-0.250012350987,,,,,-1.363642916684,,,,,-2.456990415804,,,,,-2.929191561057,,,,,-4.399187396983,,,,,-5.739491504581,,,,,-2.028600215912,,,,,-7.505350112915,,,,,-5.547299385071,,,,,-10.017149925232,,,,,-7.897100448608,,,,,0.000000000000,,,,,-8.934749603271,,,,,-11.633949279785
9.254,,,,,-0.924059476249,,,,,-0.250345090942,,,,,-1.363667532172,,,,,-2.452501807401,,,,,-2.926335490422,,,,,-4.398892044375,,,,,-5.739935642990,,,,,-2.031300067902,,,,,-7.491350173950,,,,,-5.547399520874,,,,,-9.998849868774,,,,,-7.889400482178,,,,,0.000000000000,,,,,-8.934149742126,,,,,-11.634849548340
9.355,,,,,-0.925379351151,,,,,-0.249938421835,,,,,-1.363765759688,,,,,-2.454439448117,,,,,-2.926075847637,,,,,-4.398990416985,,,,,-5.740330380410,,,,,-2.028000354767,,,,,-7.502050399780,,,,,-5.547799110413,,,,,-10.006749629974,,,,,-7.888700485229,,,,,0.000000000000,,,,,-8.934349536896,,,,,-11.635649681091
9.457,,,,,-0.924787171984,,,,,-0.249667269919,,,,,-1.363814990663,,,,,-2.456180950518,,,,,-2.927040487793,,,,,-4.398990416985,,,,,-5.740231578434,,,,,-2.025800228119,,,,,-7.497249603271,,,,,-5.547999382019,,,,,-10.013849735260,,,,,-7.891301155090,,,,,0.000000000000,,,,,-8.934349536896,,,,,-11.635449409485
9.558,,,,,-0.925613681882,,,,,-0.250406678980,,,,,-1.363814990663,,,,,-2.453556533301,,,,,-2.929673704266,,,,,-4.399286004371,,,,,-5.740034209723,,,,,-2.031799793243,,,,,-7.503950119019,,,,,-5.547999382019,,,,,-10.003149986267,,,,,-7.898400306702,,,,,0.000000000000,,,,,-8.934949874878,,,,,-11.635049343109
9.598,-0.925017879529,0.925018138634,-0.925786371397,-0.923689393678,,-0.250097387143,0.250097508862,-0.250406678980,-0.249667269919,,-1.363615886534,1.363615894662,-1.363814990663,-1.363397230675,,-2.454194210896,2.454194682879,-2.456990415804,-2.452403679764,,-2.927537311079,2.927537730324,-2.929710846626,-2.925705131508,,-4.399103721570,4.399103732374,-4.399679729588,-4.398695064378,,-5.739841875209,5.739841890494,-5.740330380410,-5.739097002403,,-2.029290199280,2.029291152954,-2.031799793243,-2.025800228119,,-7.499119758606,7.499122142792,-7.505350112915,-7.488349914551,,-5.547189235687,5.547189235687,-5.547999382019,-5.546299934387,,-10.005749702454,10.005751609802,-10.017149925232,-9.998449802399,,-7.892640590668,7.892641544342,-7.898500442505,-7.887701034546,,0.000000000000,0.000000000000,0.000000000000,0.000000000000,,-8.934579849243,8.934579849243,-8.935749530792,-8.933749675751,,-11.634659767151,11.634659767151,-11.635649681091,-11.633149623871,
9.656,,,,,-0.924034772708,,,,,-0.249938421835,,,,,-1.363839606151,,,,,-2.453065895116,,,,,-2.930193343573,,,,,-4.399876709585,,,,,-5.739787675268,,,,,-2.028000354767,,,,,-7.491149902344,,,,,-5.548099517822,,,,,-10.001149654388,,,,,-7.899801254272,,,,,0.000000000000,,,,,-8.936149597168,,,,,-11.634549617767
9.757,,,,,-0.926082343345,,,,,-0.249975327644,,,,,-1.363987064643,,,,,-2.457456375882,,,,,-2.929265845777,,,,,-4.399433680675,,,,,-5.739985043978,,,,,-2.028299808502,,,,,-7.507749557495,,,,,-5.548699378967,,,,,-10.019049644470,,,,,-7.897300720215,,,,,0.000000000000,,,,,-8.935249805450,,,,,-11.634949684143
9.860,,,,,-0.926082343345,,,,,-0.250320408713,,,,,-1.364011680130,,,,,-2.456033817541,,,,,-2.927596561987,,,,,-4.399089024373,,,,,-5.740626315854,,,,,-2.031099796295,,,,,-7.507749557495,,,,,-5.548799514771,,,,,-10.013249874115,,,,,-7.892800331116,,,,,0.000000000000,,,,,-8.934549808502,,,,,-11.636249542236
9.961,,,,,-0.924392503508,,,,,-0.249790563529,,,,,-1.364011680130,,,,,-2.454905525153,,,,,-2.926557990847,,,,,-4.399138093288,,,,,-5.740823684564,,,,,-2.026800632477,,,,,-7.494050025940,,,,,-5.548799514771,,,,,-10.008649826050,,,,,-7.890000343323,,,,,0.000000000000,,,,,-8.934649467468,,,,,-11.636649608612
10.062,,,,,-0.925527337125,,,,,-0.249950762949,,,,,-1.364159138622,,,,,-2.456941293506,,,,,-2.927411203922,,,,,-4.398892044375,,,,,-5.740774283576,,,,,-2.028100490570,,,,,-7.503250122070,,,,,-5.549399375916,,,,,-10.016949653625,,,,,-7.892300605774,,,,,0.000000000000,,,,,-8.934149742126,,,,,-11.636549472809
10.163,,,,,-0.925293006393,,,,,-0.250628583972,,,,,-1.364109907647,,,,,-2.455322479892,,,,,-2.928857987288,,,,,-4.399236700677,,,,,-5.740527513878,,,,,-2.033600330353,,,,,-7.501350402832,,,,,-5.549199104309,,,,,-10.010349750519,,,,,-7.896201133728,,,,,0.000000000000,,,,,-8.934849739075,,,,,-11.636049270630
10.263,,,,,-0.925934357371,,,,,-0.250049374331,,,,,-1.364183754110,,,,,-2.453850799254,,,,,-2.930119058852,,,,,-4.399876709585,,,,,-5.740034209723,,,,,-2.028900623322,,,,,-7.506549835205,,,,,-5.549499511719,,,,,-10.004349708557,,,,,-7.899600982666,,,,,0.000000000000,,,,,-8.936149597168,,,,,-11.635049343109
10.364,,,,,-0.924626834239,,,,,-0.250443702324,,,,,-1.364331212602,,,,,-2.457603625816,,,,,-2.929785131347,,,,,-4.400024385889,,,,,-5.739935642990,,,,,-2.032100200653,,,,,-7.495949745178,,,,,-5.550099372864,,,,,-10.019649982452,,,,,-7.898700714111,,,,,0.000000000000,,,,,-8.936449527740,,,,,-11.634849548340
10.465,,,,,-0.926575825984,,,,,-0.250677830896,,,,,-1.364429674552,,,,,-2.456426211131,,,,,-2.928301559358,,,,,-4.399827405891,,,,,-5.740083610712,,,,,-2.033999919891,,,,,-7.511750221252,,,,,-5.550499916077,,,,,-10.014849662781,,,,,-7.894701004028,,,,,0.000000000000,,,,,-8.936049461365,,,,,-11.635149478912
10.567,,,,,-0.926588177754,,,,,-0.250098621255,,,,,-1.364380443577,,,,,-2.452747068015,,,,,-2.926743702648,,,,,-4.399729033282,,,,,-5.740626315854,,,,,-2.029300212860,,,,,-7.511850357056,,,,,-5.550299644470,,,,,-9.999849796295,,,,,-7.890501022339,,,,,0.000000000000,,,,,-8.935849666595,,,,,-11.636249542236
10.598,-0.925513750177,0.925514149199,-0.926588177754,-0.924034772708,,-0.250187359745,0.250187532799,-0.250677830896,-0.249790563529,,-1.364144416216,1.364144428233,-1.364429674552,-1.363839606151,,-2.455435309131,2.455435880093,-2.457603625816,-2.452747068015,,-2.928483238560,2.928483524531,-2.930193343573,-2.926557990847,,-4.399512378762,4.399512395356,-4.400024385889,-4.398892044375,,-5.740320429640,5.740320441587,-5.740823684564,-5.739787675268,,-2.030020236969,2.030021667480,-2.033999919891,-2.026800632477,,-7.503139972687,7.503143310547,-7.511850357056,-7.491149902344,,-5.549339294434,5.549339771271,-5.550499916077,-5.548099517822,,-10.010809898376,10.010811805725,-10.019649982452,-9.999849796295,,-7.895190715790,7.895191669464,-7.899801254272,-7.890000343323,,0.000000000000,0.000000000000,0.000000000000,0.000000000000,,-8.935409545898,8.935409545898,-8.936449527740,-8.934149742126,,-11.635629653931,11.635629653931,-11.636649608612,-11.634549617767,
10.668,,,,,-0.924935275593,,,,,-0.250690172011,,,,,-1.364503286581,,,,,-2.457726197644,,,,,-2.927707989067,,,,,-4.399187396983,,,,,-5.740724882588,,,,,-2.034100055695,,,,,-7.498450279236,,,,,-5.550799369812,,,,,-10.020149707794,,,,,-7.893100738525,,,,,0.000000000000,,,,,-8.934749603271,,,,,-11.636449337006
10.768,,,,,-0.925786371397,,,,,-0.250912077003,,,,,-1.364552517556,,,,,-2.455322479892,,,,,-2.929228703417,,,,,-4.399384376980,,,,,-5.740576914866,,,,,-2.035900592804,,,,,-7.505350112915,,,,,-5.550999641418,,,,,-10.010349750519,,,,,-7.897200584412,,,,,0.000000000000,,,,,-8.935149669647,,,,,-11.636149406433
10.870,,,,,-0.925823309072,,,,,-0.250382114285,,,,,-1.364552517556,,,,,-2.454120621016,,,,,-2.930378701637,,,,,-4.400073689583,,,,,-5.740133011700,,,,,-2.031600475311,,,,,-7.505649566650,,,,,-5.550999641418,,,,,-10.005449771881,,,,,-7.900300979614,,,,,0.000000000000,,,,,-8.936549663544,,,,,-11.635249614716
10.971,,,,,-0.926452425915,,,,,-0.250825806736,,,,,-1.364601748531,,,,,-2.457996019406,,,,,-2.930675486783,,,,,-4.400369042190,,,,,-5.739935642990,,,,,-2.035200595856,,,,,-7.510749816895,,,,,-5.551199913025,,,,,-10.021249771118,,,,,-7.901101112366,,,,,0.000000000000,,,,,-8.937149524689,,,,,-11.634849548340
11.070,,,,,-0.924959861498,,,,,-0.250616242858,,,,,-1.364699976048,,,,,-2.456597905256,,,,,-2.928190132277,,,,,-4.400172062193,,,,,-5.739935642990,,,,,-2.033500194550,,,,,-7.498649597168,,,,,-5.551599502563,,,,,-10.015549659729,,,,,-7.894400596619,,,,,0.000000000000,,,,,-8.936749458313,,,,,-11.634849548340
11.171,,,,,-0.926982846230,,,,,-0.250320408713,,,,,-1.364773822511,,,,,-2.453016889777,,,,,-2.926817633632,,,,,-4.400073689583,,,,,-5.740428947144,,,,,-2.031099796295,,,,,-7.515049934387,,,,,-5.551899909973,,,,,-10.000949859619,,,,,-7.890700340271,,,,,0.000000000000,,,,,-8.936549663544,,,,,-11.635849475861
11.275,,,,,-0.926760867269,,,,,-0.251072276423,,,,,-1.364749207023,,,,,-2.456156389369,,,,,-2.926891918352,,,,,-4.399679729588,,,,,-5.740724882588,,,,,-2.037200450897,,,,,-7.513250350952,,,,,-5.551799774170,,,,,-10.013749599457,,,,,-7.890900611877,,,,,0.000000000000,,,,,-8.935749530792,,,,,-11.636449337006
11.375,,,,,-0.925366999380,,,,,-0.250628583972,,,,,-1.364822819052,,,,,-2.455273474552,,,,,-2.929822273707,,,,,-4.399532053284,,,,,-5.740626315854,,,,,-2.033600330353,,,,,-7.501950263977,,,,,-5.552099227905,,,,,-10.010149955750,,,,,-7.898800849915,,,,,0.000000000000,,,,,-8.935449600220,,,,,-11.636249542236
11.476,,,,,-0.925946709141,,,,,-0.250382114285,,,,,-1.364872050027,,,,,-2.454415003926,,,,,-2.930897987207,,,,,-4.400073689583,,,,,-5.740478348132,,,,,-2.031600475311,,,,,-7.506649971008,,,,,-5.552299499512,,,,,-10.006649971008,,,,,-7.901700973511,,,,,0.000000000000,,,,,-8.936549663544,,,,,-11.635949611664
11.576,,,,,-0.926107046886,,,,,-0.250838030316,,,,,-1.364896665515,,,,,-2.455567740505,,,,,-2.930823702487,,,,,-4.400319973276,,,,,-5.740330380410,,,,,-2.035299777985,,,,,-7.507949829102,,,,,-5.552399635315,,,,,-10.011349678040,,,,,-7.901500701904,,,,,0.000000000000,,,,,-8.937049865723,,,,,-11.635649681091
11.598,-0.925912171238,0.925912407752,-0.926982846230,-0.924935275593,,-0.250666782660,0.250666895523,-0.251072276423,-0.250320408713,,-1.364702461040,1.364702467746,-1.364896665515,-1.364503286581,,-2.455619272134,2.455619720355,-2.457996019406,-2.453016889777,,-2.929143452857,2.929143857256,-2.930897987207,-2.926817633632,,-4.399886570324,4.399886587560,-4.400369042190,-4.399187396983,,-5.740389496926,5.740389503954,-5.740724882588,-5.739935642990,,-2.033910274506,2.033911228180,-2.037200450897,-2.031099796295,,-7.506370067596,7.506371974945,-7.515049934387,-7.498450279236,,-5.551609516144,5.551609516144,-5.552399635315,-5.550799369812,,-10.011559486389,10.011561393738,-10.021249771118,-10.000949859619,,-7.896970748901,7.896971702576,-7.901700973511,-7.890700340271,,0.000000000000,0.000000000000,0.000000000000,0.000000000000,,-8.936169624329,8.936169624329,-8.937149524689,-8.934749603271,,-11.635769844055,11.635769844055,-11.636449337006,-11.634849548340,
11.678,,,,,-0.926711460187,,,,,-0.250480725667,,,,,-1.364945896490,,,,,-2.456377205791,,,,,-2.929710846626,,,,,-4.400270669581,,,,,-5.740280979422,,,,,-2.032400608063,,,,,-7.512849807739,,,,,-5.552599906921,,,,,-10.014649868011,,,,,-7.898500442505,,,,,0.000000000000,,,,,-8.936949729919,,,,,-11.635549545288
11.779,,,,,-0.924947627364,,,,,-0.250714854240,,,,,-1.364921281002,,,,,-2.453115017414,,,,,-2.927077276417,,,,,-4.400467649579,,,,,-5.740478348132,,,,,-2.034300327301,,,,,-7.498550415039,,,,,-5.552499771118,,,,,-10.001349925995,,,,,-7.891400337219,,,,,0.000000000000,,,,,-8.937349796295,,,,,-11.635949611664
11.879,,,,,-0.927217176961,,,,,-0.251207793614,,,,,-1.364945896490,,,,,-2.456401649982,,,,,-2.927336919202,,,,,-4.399926013280,,,,,-5.740922251298,,,,,-2.038300037384,,,,,-7.516949653625,,,,,-5.552599906921,,,,,-10.014749526978,,,,,-7.892100334167,,,,,0.000000000000,,,,,-8.936249732971,,,,,-11.636849403381
11.982,,,,,-0.926773219040,,,,,-0.250456043438,,,,,-1.364970277544,,,,,-2.458388412996,,,,,-2.928820844928,,,,,-4.399433680675,,,,,-5.741169020997,,,,,-2.032200336456,,,,,-7.513350486755,,,,,-5.552699089050,,,,,-10.022849559784,,,,,-7.896100997925,,,,,0.000000000000,,,,,-8.935249805450,,,,,-11.637349605560
12.082,,,,,-0.925662971328,,,,,-0.250801124507,,,,,-1.365117970469,,,,,-2.454316876290,,,,,-2.931268703336,,,,,-4.400024385889,,,,,-5.741316988719,,,,,-2.035000324249,,,,,-7.504349708557,,,,,-5.553299903870,,,,,-10.006249904633,,,,,-7.902700424194,,,,,0.000000000000,,,,,-8.936449527740,,,,,-11.637649536133
12.183,,,,,-0.926181039873,,,,,-0.251146205576,,,,,-1.365191582499,,,,,-2.456328083494,,,,,-2.931046202911,,,,,-4.400221365887,,,,,-5.740971652286,,,,,-2.037800312042,,,,,-7.508549690247,,,,,-5.553599357605,,,,,-10.014449596405,,,,,-7.902100563049,,,,,0.000000000000,,,,,-8.936849594116,,,,,-11.636949539185
12.284,,,,,-0.926427840010,,,,,-0.250813465621,,,,,-1.365191582499,,,,,-2.458020580555,,,,,-2.929859416067,,,,,-4.400418345885,,,,,-5.740823684564,,,,,-2.035100460052,,,,,-7.510550498962,,,,,-5.553599357605,,,,,-10.021349906921,,,,,-7.898900985718,,,,,0.000000000000,,,,,-8.937249660492,,,,,-11.636649608612
12.385,,,,,-0.927180239286,,,,,-0.251306404996,,,,,-1.365314425503,,,,,-2.453605538640,,,,,-2.928338701718,,,,,-4.400763002186,,,,,-5.740527513878,,,,,-2.039100170135,,,,,-7.516650199890,,,,,-5.554099082947,,,,,-10.003349781036,,,,,-7.894801139832,,,,,0.000000000000,,,,,-8.937949657440,,,,,-11.636049270630
12.485,,,,,-0.925206661636,,,,,-0.251195452499,,,,,-1.365363656478,,,,,-2.456941293506,,,,,-2.927670846707,,,,,-4.400418345885,,,,,-5.740823684564,,,,,-2.038199901581,,,,,-7.500650405884,,,,,-5.554299354553,,,,,-10.016949653625,,,,,-7.893000602722,,,,,0.000000000000,,,,,-8.937249660492,,,,,-11.636649608612
12.587,,,,,-0.927525618315,,,,,-0.250640925087,,,,,-1.365314425503,,,,,-2.458854490032,,,,,-2.928969060632,,,,,-4.399827405891,,,,,-5.740922251298,,,,,-2.033700466156,,,,,-7.519450187683,,,,,-5.554099082947,,,,,-10.024749755859,,,,,-7.896500587463,,,,,0.000000000000,,,,,-8.936049461365,,,,,-11.636849403381
12.598,-0.926383385400,0.926383757950,-0.927525618315,-0.924947627364,,-0.250876299525,0.250876477649,-0.251306404996,-0.250456043438,,-1.365127699448,1.365127709233,-1.365363656478,-1.364921281002,,-2.456234914870,2.456235638951,-2.458854490032,-2.453115017414,,-2.929009881854,2.929010210918,-2.931268703336,-2.927077276417,,-4.400177086474,4.400177101429,-4.400763002186,-4.399433680675,,-5.740823637516,5.740823645402,-5.741316988719,-5.740280979422,,-2.035610198975,2.035611629486,-2.039100170135,-2.032200336456,,-7.510190010071,7.510193347931,-7.519450187683,-7.498550415039,,-5.553339481354,5.553339481354,-5.554299354553,-5.552499771118,,-10.014069557190,10.014072418213,-10.024749755859,-10.001349925995,,-7.896610736847,7.896611690521,-7.902700424194,-7.891400337219,,0.000000000000,0.000000000000,0.000000000000,0.000000000000,,-8.936759948730,8.936759948730,-8.937949657440,-8.935249805450,,-11.636649131775,11.636649131775,-11.637649536133,-11.635549545288,
12.688,,,,,-0.926945908555,,,,,-0.251306404996,,,,,-1.365363656478,,,,,-2.454954530493,,,,,-2.930675486783,,,,,-4.399876709585,,,,,-5.741316988719,,,,,-2.039100170135,,,,,-7.514750480652,,,,,-5.554299354553,,,,,-10.008849620819,,,,,-7.901101112366,,,,,0.000000000000,,,,,-8.936149597168,,,,,-11.637649536133
12.788,,,,,-0.926230446954,,,,,-0.251047594194,,,,,-1.365486499483,,,,,-2.457431931691,,,,,-2.930935129567,,,,,-4.400369042190,,,,,-5.741267587730,,,,,-2.037000179291,,,,,-7.508950233459,,,,,-5.554799079895,,,,,-10.018949985504,,,,,-7.901801109314,,,,,0.000000000000,,,,,-8.937149524689,,,,,-11.637549400330
12.891,,,,,-0.926736163728,,,,,-0.250788783392,,,,,-1.365535730458,,,,,-2.458118708192,,,,,-2.929747988987,,,,,-4.400566022188,,,,,-5.741021053275,,,,,-2.034900188446,,,,,-7.513050079346,,,,,-5.554999351501,,,,,-10.021749973297,,,,,-7.898600578308,,,,,0.000000000000,,,,,-8.937549591064,,,,,-11.637049674988
12.992,,,,,-0.926921205014,,,,,-0.251232475843,,,,,-1.365535730458,,,,,-2.456524338768,,,,,-2.928338701718,,,,,-4.401058354793,,,,,-5.740675716842,,,,,-2.038500308990,,,,,-7.514550209045,,,,,-5.554999351501,,,,,-10.015249729156,,,,,-7.894801139832,,,,,0.000099999997,,,,,-8.938549518585,,,,,-11.636349678040
13.093,,,,,-0.927661252519,,,,,-0.250751760049,,,,,-1.365683188949,,,,,-2.457603625816,,,,,-2.927374061562,,,,,-4.401304638486,,,,,-5.740478348132,,,,,-2.034599781036,,,,,-7.520549774170,,,,,-5.555599212646,,,,,-10.019649982452,,,,,-7.892200469971,,,,,0.000000000000,,,,,-8.939049720764,,,,,-11.635949611664
13.193,,,,,-0.925477930043,,,,,-0.250875053660,,,,,-1.365732419925,,,,,-2.459197878282,,,,,-2.929377272858,,,,,-4.400369042190,,,,,-5.740724882588,,,,,-2.035600185394,,,,,-7.502849578857,,,,,-5.555799484253,,,,,-10.026149749756,,,,,-7.897601127625,,,,,0.000000000000,,,,,-8.937149524689,,,,,-11.636449337006
13.294,,,,,-0.927895700886,,,,,-0.251725415217,,,,,-1.365806266387,,,,,-2.454979091641,,,,,-2.931083345272,,,,,-4.400270669581,,,,,-5.741119620008,,,,,-2.042500019073,,,,,-7.522450447083,,,,,-5.556099891663,,,,,-10.008949756622,,,,,-7.902200698853,,,,,0.000000000000,,,,,-8.936949729919,,,,,-11.637249469757
13.397,,,,,-0.929844574995,,,,,-0.252378671546,,,,,-1.367403928744,,,,,-2.458020580555,,,,,-2.933976558266,,,,,-4.403963516288,,,,,-5.745115689474,,,,,-2.047800540924,,,,,-7.538249969482,,,,,-5.562599182129,,,,,-10.021349906921,,,,,-7.910000801086,,,,,0.000000000000,,,,,-8.944449901581,,,,,-11.645349502563
13.498,,,,,-0.929449906519,,,,,-0.252501847622,,,,,-1.368829751554,,,,,-2.464397824334,,,,,-2.935645842057,,,,,-4.411004318620,,,,,-5.751677081687,,,,,-2.048799991608,,,,,-7.535050392151,,,,,-5.568399429321,,,,,-10.047349929810,,,,,-7.914501190186,,,,,0.000000000000,,,,,-8.958749771118,,,,,-11.658649444580
13.598,-0.927462565468,0.927463547546,-0.929844574995,-0.925477930043,,-0.251400889613,0.251401664854,-0.252501847622,-0.250751760049,,-1.366153019159,1.366153469613,-1.368829751554,-1.365363656478,,-2.457914278863,2.457915711279,-2.464397824334,-2.454954530493,,-2.930794931897,2.930795967119,-2.935645842057,-2.927374061562,,-4.402086923769,4.402088199814,-4.411004318620,-4.399876709585,,-5.742599663162,5.742600713291,-5.751677081687,-5.740478348132,,-2.039866924286,2.039873123169,-2.048799991608,-2.034599781036,,-7.518939018250,7.518947124481,-7.538249969482,-7.502849578857,,-5.557510375977,5.557512283325,-5.568399429321,-5.554299354553,,-10.020916938782,10.020922660828,-10.047349929810,-10.008849620819,,-7.901422977448,7.901425838470,-7.914501190186,-7.892200469971,,0.000011111111,0.000033333334,0.000000000000,0.000099999997,,-8.940638542175,8.940641403198,-8.958749771118,-8.936149597168,,-11.640249252319,11.640252113342,-11.658649444580,-11.635949611664,
13.599,,,,,-0.929955623293,,,,,-0.252797681768,,,,,-1.368657677574,,,,,-2.462877021398,,,,,-2.934273343412,,,,,-4.411792003833,,,,,-5.753157229393,,,,,-2.051200389862,,,,,-7.539150238037,,,,,-5.567699432373,,,,,-10.041149616241,,,,,-7.910800933838,,,,,0.000000000000,,,,,-8.960349559784,,,,,-11.661649703979
13.701,,,,,-0.930991760382,,,,,-0.253549431944,,,,,-1.369198515000,,,,,-2.461822412457,,,,,-2.933494415057,,,,,-4.412185963828,,,,,-5.752861058706,,,,,-2.057300090790,,,,,-7.547550201416,,,,,-5.569899559021,,,,,-10.036849975586,,,,,-7.908700942993,,,,,0.000000000000,,,,,-8.961149692535,,,,,-11.661049365997
13.803,,,,,-0.931719456117,,,,,-0.253758995822,,,,,-1.369345973492,,,,,-2.466163770925,,,,,-2.935052271767,,,,,-4.411939680136,,,,,-5.752663689996,,,,,-2.059000492096,,,,,-7.553449630737,,,,,-5.570499420166,,,,,-10.054549694061,,,,,-7.912900924683,,,,,0.000000000000,,,,,-8.960649490356,,,,,-11.660649299622
13.903,,,,,-0.929474492424,,,,,-0.254067053547,,,,,-1.369493431984,,,,,-2.462141239558,,,,,-2.936721201820,,,,,-4.411398278616,,,,,-5.752663689996,,,,,-2.061500072479,,,,,-7.535249710083,,,,,-5.571099281311,,,,,-10.038149833679,,,,,-7.917400360107,,,,,0.000000000000,,,,,-8.959549903870,,,,,-11.660649299622
14.004,,,,,-0.931509828926,,,,,-0.253475502791,,,,,-1.369444435442,,,,,-2.462901582547,,,,,-2.937240487390,,,,,-4.411348974922,,,,,-5.752959860683,,,,,-2.056700229645,,,,,-7.551750183105,,,,,-5.570899963379,,,,,-10.041249752045,,,,,-7.918800354004,,,,,0.000000000000,,,,,-8.959449768066,,,,,-11.661249637604
14.105,,,,,-0.931312435871,,,,,-0.254140982700,,,,,-1.369665505963,,,,,-2.466090204437,,,,,-2.936572986116,,,,,-4.411201298618,,,,,-5.753255796127,,,,,-2.062099933624,,,,,-7.550149917603,,,,,-5.571799278259,,,,,-10.054249763489,,,,,-7.917000770569,,,,,0.000000000000,,,,,-8.959149837494,,,,,-11.661849498749
14.205,,,,,-0.930905415624,,,,,-0.254079394661,,,,,-1.369812964455,,,,,-2.463146843161,,,,,-2.934310485772,,,,,-4.411151994924,,,,,-5.752910459694,,,,,-2.061600208282,,,,,-7.546850204468,,,,,-5.572399139404,,,,,-10.042249679565,,,,,-7.910901069641,,,,,0.000000000000,,,,,-8.959049701691,,,,,-11.661149501801
14.305,,,,,-0.930831422638,,,,,-0.253672725554,,,,,-1.369616509422,,,,,-2.463392103774,,,,,-2.933309056992,,,,,-4.412136660134,,,,,-5.752318353564,,,,,-2.058300495148,,,,,-7.546250343323,,,,,-5.571599960327,,,,,-10.043249607086,,,,,-7.908201217651,,,,,0.000000000000,,,,,-8.961049556732,,,,,-11.659949302673
14.407,,,,,-0.931744159658,,,,,-0.254091735776,,,,,-1.369788583401,,,,,-2.465599683210,,,,,-2.933568699777,,,,,-4.412038287525,,,,,-5.752071819108,,,,,-2.061700344086,,,,,-7.553649902344,,,,,-5.572299957275,,,,,-10.052249908447,,,,,-7.908901214600,,,,,0.000000000000,,,,,-8.960849761963,,,,,-11.659449577332
